gender,age,region,hm,educ,exerc,height,weight
1,21,2,3,7,0,139.7628664868878,56.875986663990616
1,17,3,-9,-9,-9,-9,-9
0,10,3,-9,-9,-9,-9,-9
1,47,3,9,5,0,167.57632621474247,53.99724278830463
1,8,3,-9,-9,-9,-9,-9
0,30,5,12,5,10,179.78935338800582,97.647195498923125
1,70,3,4,3,0,163.43690419821726,58.27336279506512
0,12,2,-9,-9,-9,-9,-9
1,52,5,3,10,10,168.37235259359238,67.12916987424009
1,48,12,10,10,0,161.643766934808,71.37940945372576
0,33,6,7,1,30,183.0042926399761,102.45962231339618
1,12,11,-9,-9,-9,-9,-9
1,87,7,2,7,0,171.9757939886571,51.864477418436564
1,68,3,9,4,20,161.82093705276768,60.89285288960218
1,47,7,2,8,10,169.25027907861065,85.08984046697483
0,12,8,-9,-9,-9,-9,-9
0,69,9,10,6,0,172.44815975188914,106.60388587554478
1,57,1,9,7,0,156.34135093050472,76.94874064555225
0,19,4,1,8,20,175.01178946534336,120.03462198996547
0,45,4,12,8,10,177.544735123971,77.47749901857242
0,2,12,-9,-9,-9,-9,-9
1,70,4,2,10,0,159.86446860095572,77.50815439660651
1,59,9,12,2,0,159.43195970970038,41.6379259408388
0,14,12,-9,-9,-9,-9,-9
1,67,6,6,4,0,157.13475273564637,61.26503406851181
0,69,8,3,1,10,183.937796660784,77.45847184594359
1,83,3,5,6,10,168.5539146071005,64.46841758357107
0,22,10,7,3,10,162.68765025041958,97.1696743200545
1,34,12,4,1,10,147.23724974002218,81.49210084606851
0,58,1,1,1,10,171.391364546602,79.29528141680154
1,23,10,1,7,10,154.30830752887263,59.67065456402023
0,63,5,8,4,0,167.65360317561496,64.31764424880318
1,42,10,4,8,30,165.10126429355046,68.1239153636735
0,36,4,12,6,0,172.30999649443098,100.85480537259696
1,50,3,12,5,30,170.23939709343975,84.58271881772406
0,39,1,3,9,0,175.84163202511186,104.80998156301428
1,41,7,3,9,10,160.15165381174802,81.52566029079452
1,2,1,-9,-9,-9,-9,-9
1,58,4,7,5,10,164.7549609636498,74.3339577239917
0,30,7,8,1,30,178.0798236626399,88.85669730665383
1,39,7,12,6,0,168.11202214870838,82.51899355667385
0,32,4,11,8,10,184.00665127348327,84.35438447996015
0,8,4,-9,-9,-9,-9,-9
1,65,1,11,10,0,158.43256431496428,61.32691664139867
0,72,6,8,9,0,173.88516720545155,92.6196256990552
0,34,2,5,9,20,175.39146768870685,84.88676478277124
0,56,11,1,3,0,191.28209399742184,42.52293347036548
1,50,11,8,4,0,158.6362821323864,60.03907565728761
1,52,11,12,1,10,159.01846762438774,85.93750094720596
1,61,3,2,5,0,157.10562766984592,75.29866682130721
0,42,8,9,5,0,185.6866761952002,86.14280369863549
1,54,9,8,10,0,168.71059476460908,80.18398826524097
1,13,2,-9,-9,-9,-9,-9
0,67,12,11,4,0,173.29470558297055,51.98342127484334
1,54,2,11,7,0,181.16423641890322,67.01347088022546
1,58,8,3,5,10,153.85488650347284,89.9017326515986
0,90,9,9,8,0,167.5240708820617,106.27938164405779
0,3,8,-9,-9,-9,-9,-9
1,14,10,-9,-9,-9,-9,-9
0,51,4,3,9,0,170.48059254166523,72.64407366927989
1,29,5,4,5,30,164.57641292979898,73.36069052416957
1,15,2,-9,-9,-9,-9,-9
0,17,12,-9,-9,-9,-9,-9
0,67,5,5,1,10,165.5578081044397,80.02739088550234
0,63,3,10,7,10,176.57109129621546,114.19439116384699
1,72,6,2,6,20,157.78652469562408,85.22134223597627
1,59,8,7,1,10,165.5056527480314,65.65871662603215
1,7,10,-9,-9,-9,-9,-9
0,57,3,4,5,0,181.0000136937738,84.16379041812142
1,57,1,12,8,0,168.48911331360665,59.62328267298127
1,38,8,11,10,10,162.2631548585933,60.9238085931499
1,2,7,-9,-9,-9,-9,-9
0,55,8,3,4,20,171.49959170184104,73.03103632196459
1,46,2,3,8,10,161.42581499323606,58.549448868732824
0,60,9,9,1,10,176.02927194335126,100.3032590965938
0,80,3,8,10,10,174.0897048612262,73.24871505858232
1,7,1,-9,-9,-9,-9,-9
0,70,10,4,4,0,169.51037922661493,92.38985780505841
1,10,6,-9,-9,-9,-9,-9
0,57,6,7,10,10,173.69245559228617,81.14848121890367
0,37,6,8,10,0,184.66339847833225,83.3426741301767
1,28,1,5,9,10,162.96642236491795,90.29990838050112
0,53,4,2,9,0,175.41581320310397,54.045179263078346
1,42,3,4,3,10,165.53474384636016,67.50851476839566
1,34,2,2,5,20,150.6551170735631,70.98211677680229
0,30,1,5,10,30,174.45594429161704,105.73233012263579
1,67,6,3,8,0,162.91150600961245,83.46226797075064
1,73,12,8,10,0,168.20506302956767,66.37504105204704
1,75,8,4,8,0,166.47061325130838,71.28597605749738
0,51,9,11,10,50,178.69944475138269,94.44973289002691
0,30,4,3,10,10,165.74519258611815,79.14745994096825
1,48,2,5,3,30,157.55980147769955,83.57869984175937
1,7,10,-9,-9,-9,-9,-9
0,36,5,1,4,10,171.75638711478922,82.97841141802772
1,63,1,1,4,10,165.52792820844772,73.11455576939008
1,16,2,-9,-9,-9,-9,-9
0,65,3,10,1,20,169.64106156842467,89.30967905960502
0,27,11,12,2,0,181.5134192520561,75.5818702410866
0,81,2,4,10,10,184.13007188565254,86.62791443747605
0,63,3,1,3,10,170.72938142604153,97.38802518102275
1,5,11,-9,-9,-9,-9,-9
0,4,1,-9,-9,-9,-9,-9
1,91,2,6,9,10,165.2171385729595,68.64626261692084
0,85,6,9,9,20,160.34262502315516,85.64132638456299
1,84,11,12,4,20,170.9143329445989,90.9152050121728
1,23,2,8,8,0,153.48272686527562,85.39385063821149
1,3,10,-9,-9,-9,-9,-9
1,18,9,9,6,10,143.8078616590994,67.72672557479626
0,63,3,12,10,10,162.09333624758986,92.04852355660958
0,32,9,3,7,10,164.84846265375165,89.69461544580318
1,33,4,8,10,10,169.38438107083124,75.53723856908076
0,72,3,2,3,0,181.48682757957877,76.58574803700569
1,6,11,-9,-9,-9,-9,-9
1,5,5,-9,-9,-9,-9,-9
0,58,7,1,10,10,164.51886857257634,69.19798698251194
0,23,9,10,2,20,191.22397032688065,103.84740357128234
1,65,12,4,6,10,155.63241526769033,73.71147930827432
0,9,9,-9,-9,-9,-9,-9
1,41,9,2,4,40,164.86431969181592,82.6746319770528
0,86,8,12,1,10,194.63319813142115,84.05472042523284
0,53,4,8,1,0,179.9611410442693,110.73867978471311
1,57,1,7,7,10,172.96300597412784,77.45642315103588
1,56,6,12,10,0,167.30596093087217,90.33756780409941
1,70,8,6,6,40,164.17347236754213,59.70962584119937
0,19,9,6,6,20,179.9195425578447,90.93983712676037
1,55,8,9,2,10,154.1469255941906,97.2286338546354
0,14,9,-9,-9,-9,-9,-9
1,19,4,4,5,0,158.41906697694097,84.30559870646896
0,60,4,6,7,0,178.03645472108064,74.05404748126449
0,17,12,-9,-9,-9,-9,-9
1,67,9,11,7,20,168.79631839997336,87.74497332900172
0,58,2,9,4,20,183.2789235045093,103.99458880440079
0,55,5,3,3,0,169.11481827525617,66.32206783408397
0,35,11,3,8,0,167.52993578447604,97.1858690888353
0,66,11,10,7,20,165.52589177946209,83.39986393182193
1,36,1,11,6,10,159.82766181034881,75.72264942005816
0,70,4,12,6,0,160.7232379616095,64.0035597234904
1,40,2,10,1,20,165.79237882458364,67.96645430643935
0,61,3,4,9,20,178.32151106724476,59.81334032131243
1,35,10,12,7,10,164.9314312014078,94.99306622343848
0,14,6,-9,-9,-9,-9,-9
1,65,12,5,7,20,161.1777680529732,55.09672277335803
0,12,11,-9,-9,-9,-9,-9
1,47,7,5,4,20,175.04820290647675,78.88304387861352
1,61,1,4,4,20,147.97413092812806,74.46167541791458
1,3,8,-9,-9,-9,-9,-9
0,71,1,10,7,10,189.2181798914307,73.22216568443345
0,25,10,4,6,20,189.8560607582191,63.35805259663101
0,70,3,12,6,20,184.06337004164158,81.34606086898808
0,62,1,5,2,20,171.34549872408962,80.46853770443944
0,50,9,9,7,20,186.73950804344423,56.83738350162886
1,34,7,8,9,50,177.2443849485196,82.87927769232735
1,53,5,4,8,0,171.4848743906051,73.38975142288042
1,70,11,8,8,20,165.7405516037702,64.77934874990957
0,75,11,9,9,20,184.41667988131732,96.90767649694277
1,42,10,4,4,30,176.18961934406184,61.94313573537331
1,61,10,3,7,10,155.32215655924136,81.50685791434238
0,69,5,7,10,20,164.57736687021642,98.92642478665553
0,26,8,1,9,40,170.38686990560498,100.11939666930462
1,62,8,2,4,10,157.52787830529465,66.26564740794068
0,43,5,3,5,30,171.2791102196095,78.8280239502755
1,50,9,11,3,30,170.0917990608006,78.93457620569087
0,7,1,-9,-9,-9,-9,-9
0,41,10,11,7,20,175.4279189991488,67.23875067108561
0,46,8,11,6,0,166.52509668046147,83.21422663675368
1,67,12,7,9,0,165.63394056053346,78.94107084476255
0,83,5,8,7,0,165.93740045550837,80.26628168465206
0,28,3,6,5,20,174.22789882720977,63.444224886420436
1,38,9,8,7,0,165.7791499921743,70.78737181299448
0,48,4,12,5,20,189.79284619403427,85.39968687472415
0,23,7,12,4,20,174.0850794304019,74.33534870945479
0,52,9,8,7,20,163.26969030631042,65.48354516625812
1,70,6,6,10,0,170.13819049558523,91.59450748682441
1,58,9,11,7,10,164.5900257961319,60.83997541985846
1,8,1,-9,-9,-9,-9,-9
1,56,5,10,3,10,171.97585992340677,62.72854149641964
0,34,4,11,9,10,179.48044612573423,74.80506072654302
0,77,11,8,4,10,171.95739724913324,65.46601587986184
0,2,7,-9,-9,-9,-9,-9
1,81,2,8,1,20,161.44731708214138,66.09282228052054
0,45,5,8,2,10,205.34504592732452,98.64993372652667
1,44,8,12,3,0,153.44162315905427,74.87605879715821
0,27,10,12,8,0,190.45461032953207,70.84225871622023
1,3,1,-9,-9,-9,-9,-9
0,17,12,-9,-9,-9,-9,-9
1,48,4,3,6,10,165.6670724452104,60.20278039262198
0,61,8,4,6,30,170.9791666042845,83.71620705974036
1,44,6,2,1,10,164.4760691397482,90.70603066784952
0,51,8,4,1,10,172.09684375787612,72.31430942725257
0,42,7,10,5,10,177.97194744117843,99.10419638772701
0,65,4,11,2,10,183.3059041083406,77.4096483733777
0,27,6,6,2,40,167.10832824710144,81.52671908743605
0,78,2,11,6,20,178.1182516430591,77.48327932433831
1,66,7,7,5,20,165.8983886244429,44.0302668479911
0,73,3,1,6,10,168.03188219132613,73.67550158230068
1,65,12,10,4,30,159.01610897940571,81.24169790874373
1,6,11,-9,-9,-9,-9,-9
0,48,3,12,3,0,172.6375155289296,68.98527292765442
0,58,8,1,10,0,160.9397877099022,115.94459140136686
1,81,4,6,6,10,161.6388667139338,63.944991567805175
1,67,8,11,8,10,159.95711561528208,65.42916247356453
1,79,10,6,9,30,165.567720968499,63.473576931274245
0,6,8,-9,-9,-9,-9,-9
1,70,8,9,2,0,152.67075370441424,73.79906015462929
0,61,8,12,2,10,178.71740054365407,65.10463825249558
0,12,11,-9,-9,-9,-9,-9
1,19,11,7,7,30,157.33717681178288,71.78409183574114
0,29,7,4,4,40,173.35058921239502,92.28370360036459
0,50,9,7,8,20,176.60866273965132,93.24537919395844
0,11,2,-9,-9,-9,-9,-9
0,38,7,4,9,10,179.1851605433189,96.68298365587563
0,31,12,12,9,10,177.772886058178,95.11783933624334
1,60,6,8,1,0,161.01459865085502,68.09413532009825
0,36,5,8,1,20,172.37166221521858,68.57448128682387
0,24,8,5,2,20,166.8333445854435,91.9701222208773
0,41,11,5,9,10,173.73135213995022,103.15634918508349
1,77,8,12,5,30,169.50009648125004,52.53876506387931
1,44,6,6,2,10,161.48657028095357,78.38656575899176
0,65,4,11,5,30,177.2711587271073,110.77859832691055
1,67,6,9,6,0,157.4054122972059,52.51165334494489
1,57,11,9,1,10,154.95004418458268,74.73620479607493
1,9,6,-9,-9,-9,-9,-9
1,35,11,4,4,20,164.354594891496,61.43111162254007
0,30,3,2,5,20,165.6198198425825,83.01656482498893
0,2,4,-9,-9,-9,-9,-9
0,48,8,6,3,20,166.2013753145548,106.91155414313367
0,71,10,6,2,10,170.04201228112288,105.6198284408164
1,1,5,-9,-9,-9,-9,-9
0,28,6,3,8,20,176.77661266953544,96.31767985482956
1,53,7,12,9,20,161.51748532770188,85.66717258761874
0,17,7,-9,-9,-9,-9,-9
0,16,2,-9,-9,-9,-9,-9
0,18,6,2,8,20,180.27061244034272,126.39492304112379
0,37,3,1,10,20,173.5588747241582,83.87533905299554
0,66,2,3,9,20,182.3330697891926,69.7302332974232
1,11,11,-9,-9,-9,-9,-9
1,45,10,7,3,0,163.64988265330862,78.54744566592797
0,56,8,12,7,0,177.4874242388618,80.83659950144495
0,75,10,3,8,0,182.39922619517878,80.07266549581051
0,57,7,10,10,0,167.96968270680333,83.15707173912041
0,52,9,4,4,0,175.93796732609994,96.20901384449158
1,71,1,7,2,20,165.08195745883145,80.61424467238412
0,59,4,8,4,10,165.38828225662445,85.97328653103564
0,13,8,-9,-9,-9,-9,-9
1,52,3,11,2,0,155.2085070236785,66.55825012672209
1,15,1,-9,-9,-9,-9,-9
0,58,9,3,3,10,177.60027525740972,84.42446081668136
1,61,2,10,2,10,165.918647847307,70.8384619628119
1,5,9,-9,-9,-9,-9,-9
1,70,4,8,7,20,157.8451058840351,76.45216837055503
1,10,8,-9,-9,-9,-9,-9
0,29,3,10,8,50,191.54166192402414,74.58146971001617
1,9,10,-9,-9,-9,-9,-9
0,26,11,2,10,20,176.11736481244324,99.74857281284534
0,35,10,12,7,20,184.8895896216895,80.02546904100095
1,55,9,1,9,10,172.7896398519013,61.18841307170004
0,69,3,11,1,20,166.6180492707861,69.89645336141764
0,6,7,-9,-9,-9,-9,-9
1,64,12,9,9,10,169.89777003475027,71.38269769514116
1,72,4,3,9,10,166.84406257519552,73.16887586932164
0,71,1,2,6,10,173.37035950025566,80.9562818084954
1,60,7,9,2,20,164.14189021215591,65.38196851350145
0,48,10,6,4,0,167.2291547392472,45.51406697690404
1,42,1,7,5,0,172.4177245386288,74.69139286190764
1,8,5,-9,-9,-9,-9,-9
0,87,10,6,1,20,180.4747425719125,104.36054973587261
0,80,8,5,10,20,167.82978432572807,103.19629221040444
0,15,12,-9,-9,-9,-9,-9
1,49,7,1,9,30,157.9974826496196,79.12701009682708
0,13,3,-9,-9,-9,-9,-9
0,70,1,5,6,10,171.01054246105082,71.78636876373551
1,71,10,11,2,10,165.10390798279724,74.9278955677602
1,53,8,2,10,20,162.37955953986057,69.29669239271412
1,35,10,10,4,20,163.04812664423653,51.96343400467214
0,44,4,1,4,20,186.25993532635343,86.84199976382178
0,21,6,5,2,20,193.90873638647741,106.09516188306304
0,65,2,2,10,20,180.16437502935932,69.10138894088865
0,45,1,4,3,10,168.05184065759556,95.36045666947724
1,17,8,-9,-9,-9,-9,-9
0,9,11,-9,-9,-9,-9,-9
0,37,9,6,7,10,174.6495038465567,116.42349432352594
1,32,9,12,4,10,163.15439020748272,63.2435333395943
1,18,12,1,8,10,153.4236965043227,56.893724368553904
1,72,1,2,2,10,156.114075883235,75.94009516154769
1,29,6,6,6,0,167.63768097773522,63.50985417754522
0,52,7,7,3,10,184.27478510322527,93.48246149284724
0,26,9,4,2,30,175.08523506569276,127.54581291279166
0,48,6,10,5,30,176.42619418982895,60.705269993166624
1,67,7,10,6,10,157.07288438968638,91.81311173664393
1,35,4,10,2,20,160.6217541118263,55.60155662776218
0,93,12,12,6,0,179.45805589960923,38.6846372268299
0,46,8,7,10,10,175.5060056453112,73.92970311880714
1,4,3,-9,-9,-9,-9,-9
0,16,3,-9,-9,-9,-9,-9
0,12,10,-9,-9,-9,-9,-9
1,2,5,-9,-9,-9,-9,-9
1,10,3,-9,-9,-9,-9,-9
1,3,7,-9,-9,-9,-9,-9
1,57,7,8,10,30,164.59972064321343,88.6974989672677
0,77,4,11,4,10,183.4262365454473,79.30744120817006
0,73,4,8,2,20,172.4269709676933,70.22126286453445
0,3,4,-9,-9,-9,-9,-9
0,88,4,12,6,10,163.41785979372705,70.08323366320184
0,34,11,11,6,10,180.36635316234904,87.25694123707811
1,49,9,8,10,20,165.2928749916309,90.28973508368827
1,70,12,5,2,0,157.26844586838743,64.02337726717653
0,6,10,-9,-9,-9,-9,-9
1,39,3,10,8,20,177.5965378098243,61.43895695987523
1,10,1,-9,-9,-9,-9,-9
0,75,6,4,1,10,179.32361946025034,90.90956632527053
1,13,7,-9,-9,-9,-9,-9
0,21,1,2,8,0,180.32305145312202,97.87582539172352
0,32,5,5,2,0,183.5870086845953,55.324177627421065
1,18,4,6,7,0,169.29765278722329,79.72651635188333
1,51,10,12,10,10,175.7771694968656,68.04129561814439
1,66,7,8,4,10,176.77368698481948,67.61067496066897
1,71,12,8,6,10,156.04436867408586,66.1241107119815
1,28,6,10,4,10,164.5377016202919,61.7426540128294
0,4,3,-9,-9,-9,-9,-9
1,74,5,5,10,0,158.19285954834243,70.72554372815513
1,51,12,10,2,20,154.1148221022474,91.25572687942137
0,22,8,12,1,10,163.87243551919917,93.18954931280139
1,53,2,11,5,0,161.75320700004008,93.29794505033259
0,2,3,-9,-9,-9,-9,-9
0,16,11,-9,-9,-9,-9,-9
1,61,3,1,8,20,162.53417694519572,73.01880149694989
1,3,7,-9,-9,-9,-9,-9
1,42,8,9,10,20,158.533848085426,62.38893309775045
1,58,9,3,2,10,158.35240099374352,57.04691446581957
0,27,9,10,4,0,183.53043523332013,93.0427446800101
1,42,11,5,4,20,164.08121095881413,70.53063173402862
0,25,12,4,3,10,181.13718066132552,117.15739918027137
1,13,2,-9,-9,-9,-9,-9
0,82,11,1,8,10,166.91632338063528,84.82000475363857
1,39,5,2,7,20,171.1401557299242,82.41640621331763
0,55,2,3,1,10,179.86580638287222,85.16020267031992
0,44,3,7,10,0,177.66271270098866,91.03306146287643
0,29,1,10,5,0,178.5345950631237,72.16055909443543
0,42,8,10,4,0,168.44409962161168,71.80422875911034
0,59,9,3,5,0,172.03689131569638,93.32059950558495
0,59,12,9,2,20,176.60374748280046,90.72153530850397
0,55,11,2,1,10,172.56975341985634,75.52622450990943
1,34,11,10,10,40,162.54633415456405,105.20632669695893
0,27,9,5,3,0,171.86374377799908,96.53318709985571
0,49,3,9,1,20,165.31185336527767,74.79886354895925
1,6,4,-9,-9,-9,-9,-9
0,63,6,12,5,40,187.7778081733332,92.15395902607065
0,66,9,8,8,20,175.16324794172763,88.31598033153779
0,92,10,2,6,0,171.85885609899233,86.03284301173416
1,62,11,6,8,0,157.79911603138828,60.899800002807225
0,12,9,-9,-9,-9,-9,-9
0,47,4,4,5,0,176.08611479251317,70.70178662195526
0,53,8,7,7,0,175.40834792737857,77.73177847862316
0,1,10,-9,-9,-9,-9,-9
1,37,1,11,2,30,159.50805681225793,65.42535740252525
0,71,3,11,4,10,173.2610057400669,87.49924975237819
1,22,1,5,4,0,161.84965632395176,66.11279451517328
1,15,10,-9,-9,-9,-9,-9
0,59,6,11,4,10,177.1414181405611,97.95629421426372
1,35,7,5,6,20,169.54312161882922,73.73654707363124
1,37,10,2,4,20,166.53152012312853,77.08905788597498
1,20,7,8,1,30,160.90189230210018,64.97296896404137
0,64,7,12,5,10,160.7122398413955,81.52183689886333
0,41,11,9,10,10,174.6524300352827,97.43820296170512
1,34,1,2,8,40,176.6308895953676,78.42583894137562
0,53,3,2,1,20,171.85075426420963,71.7480601219036
1,39,8,6,10,0,163.97715572307854,86.40317402778591
0,67,2,7,5,10,189.96244842750707,129.15853917516935
0,14,8,-9,-9,-9,-9,-9
1,8,5,-9,-9,-9,-9,-9
1,46,8,6,6,10,162.63870086298826,81.07317989032336
0,6,2,-9,-9,-9,-9,-9
1,63,10,5,5,30,158.06556816281577,77.4735840834537
1,63,10,12,1,20,172.4144064204378,89.53273566528156
1,73,2,8,9,20,166.1079052397162,89.5436141239318
0,47,2,4,7,10,172.63075037586253,106.08344350525313
1,26,1,8,4,0,172.0957059778484,72.5753904052359
0,36,3,1,1,10,180.54404859674642,99.9038407919989
0,82,7,5,1,20,166.05508777405848,74.98541492204694
1,5,9,-9,-9,-9,-9,-9
1,24,11,9,2,20,156.3434582287173,52.16757297420651
0,22,9,1,10,30,169.5351183255277,80.38682706395291
1,40,11,4,3,30,166.68002169603957,91.56317086005701
1,48,12,12,8,0,166.9686794842782,73.20042089557849
1,58,4,10,6,10,159.42392316512974,67.16054667266
0,13,3,-9,-9,-9,-9,-9
1,67,3,1,1,20,167.54017608829918,67.55706952617538
0,45,7,8,3,10,181.38187118151765,97.05501137576834
0,71,10,3,1,10,171.67338779511573,103.58682525907656
1,22,10,12,9,0,164.62101015737178,86.97110400863261
0,17,8,-9,-9,-9,-9,-9
1,37,8,4,3,0,164.26148085726757,53.4324695178965
1,64,4,12,2,0,171.54954811600965,71.79480957160922
1,79,12,10,6,20,158.57264574846832,56.635451386717975
1,35,3,10,4,10,160.63958257322437,76.32491842734089
1,59,5,6,3,10,166.71374269347345,64.47810088250354
1,77,12,11,9,20,154.1216322103982,27.971496908883573
1,38,11,9,1,10,149.98486221066238,72.2863685380427
1,8,1,-9,-9,-9,-9,-9
1,59,5,9,7,20,154.4060315002905,81.22669467874044
1,72,3,12,10,0,160.41829068909567,79.82024182499595
1,22,8,4,10,20,167.18361100059917,64.1364239311192
0,61,5,10,1,0,177.58302530796587,81.14866022727264
1,77,5,9,10,0,164.4770203586193,53.43046698274047
1,60,6,6,6,0,154.92681063715747,85.19940502648151
0,8,2,-9,-9,-9,-9,-9
1,14,12,-9,-9,-9,-9,-9
1,41,12,10,2,10,156.6117111592533,78.6338050754371
0,56,11,7,7,10,169.96034359546795,94.39016068813663
0,1,3,-9,-9,-9,-9,-9
0,35,11,10,9,10,172.15933070837377,67.58524963215375
1,30,10,11,8,20,163.91010697851354,87.76383770651043
1,73,11,7,1,0,164.20954553483134,79.10813023023091
1,20,7,5,7,10,167.3354621865632,79.73109429172564
0,84,12,5,2,0,170.07094394118388,79.48430929959386
1,67,1,11,4,0,151.9055634104635,79.23129852295028
0,31,3,5,4,10,173.1407381555559,84.80558881719472
1,77,6,9,6,10,159.8746371549929,76.88772540802752
1,1,3,-9,-9,-9,-9,-9
1,54,2,6,5,20,169.7409167314263,81.5734328258837
1,50,1,2,9,0,160.49041596819004,69.37189137554564
1,78,9,1,6,0,162.74531327295003,69.58409677400901
1,32,8,10,2,10,170.03581233318727,79.15934014950463
1,25,6,2,6,20,180.3076171410428,79.38246763583226
0,40,7,8,1,0,168.46306879850874,72.2536628129821
0,68,12,12,9,0,166.54448164761016,77.10685363488842
0,8,11,-9,-9,-9,-9,-9
1,16,6,-9,-9,-9,-9,-9
1,53,10,6,2,20,165.9781368868029,87.83944432911977
0,43,8,6,10,0,182.32346139576734,83.39007343743792
1,53,2,6,8,10,159.03304009135283,77.21882456716926
0,67,3,6,10,10,173.8439217041802,104.97749064552764
0,12,6,-9,-9,-9,-9,-9
0,60,2,2,9,20,182.21937071447857,76.01065546291868
1,47,10,5,10,10,168.6458234844633,71.73036246296118
0,49,7,11,2,20,172.06480026840015,69.40188713164612
1,60,11,12,2,20,157.1598141993339,60.6956476428859
1,21,2,8,3,20,164.38745892358813,77.1206530438998
0,7,9,-9,-9,-9,-9,-9
0,30,12,1,3,20,175.9738397610242,82.37757651868627
1,77,4,4,2,10,153.47352827805932,75.66324666424296
0,34,5,12,6,20,180.36015448886187,86.68218967922957
0,50,1,11,7,0,167.58105329376585,86.25460605525083
0,60,3,3,1,10,181.96937739880858,98.17229881676316
1,34,4,4,9,0,178.9376010467035,55.74685955286885
1,20,7,4,4,10,156.88588933434337,97.76323724766218
1,23,1,4,2,0,169.91141522972546,105.13254843245849
0,87,2,8,9,20,170.0356069679907,106.06589411834031
0,68,11,9,9,20,178.85570493407025,74.94109404970465
0,80,5,6,4,0,171.85524476329522,86.30795548465898
1,75,2,10,1,20,180.45100842261485,76.8583065227763
0,12,10,-9,-9,-9,-9,-9
1,23,12,9,7,0,164.76808249716507,68.50080903348785
0,7,3,-9,-9,-9,-9,-9
1,29,9,10,9,20,160.0641749428835,70.08286551806592
0,47,5,6,5,10,178.24274290434434,48.532202692369786
1,6,7,-9,-9,-9,-9,-9
1,74,5,11,4,20,160.08621712659013,108.1274092873006
0,51,6,1,5,0,168.92409100773122,91.06009095752206
1,46,2,9,4,40,152.79303812815945,100.66000419903335
0,42,1,12,1,0,182.3012603484161,83.85261469081517
0,76,9,9,3,30,177.49793467074494,50.72910045092946
0,74,11,3,10,10,170.05307512551852,77.41591900053709
1,43,3,9,9,0,160.850572026286,66.22632563191172
0,61,9,7,7,0,160.03430587093467,67.74120330635803
0,15,9,-9,-9,-9,-9,-9
1,38,9,3,3,20,163.4056516957752,74.17043270375889
1,53,2,2,10,20,168.2776773121277,67.04227131594945
0,83,10,1,6,10,165.65577457920236,94.78982000282065
0,65,7,3,8,30,177.36969741984709,74.8548150713514
0,46,4,4,9,20,185.8600111929581,101.29499043909372
1,3,8,-9,-9,-9,-9,-9
0,16,11,-9,-9,-9,-9,-9
1,71,2,8,4,0,153.77172606566674,59.27527299204479
0,45,5,7,5,10,185.71846891974025,101.28990041634844
1,60,2,3,9,10,169.25871461069832,63.30596538656728
0,21,4,4,5,0,153.1368693735595,83.90586365297024
0,34,1,11,3,0,181.39277145376286,73.42185093720336
1,5,2,-9,-9,-9,-9,-9
0,84,10,3,2,10,191.60850539232206,78.02064260752715
1,60,9,1,7,20,179.9027919695663,60.09214225166852
0,64,7,8,8,0,173.22777137484005,76.16609964124768
0,42,6,7,3,0,178.54744078914342,129.81412849554994
0,67,12,1,9,0,163.54148076244707,70.18729984833105
1,59,10,8,1,20,176.23137168486832,84.21318488466164
1,53,2,8,8,10,161.48220255123863,82.65398446943908
1,57,9,8,8,20,157.98576684169166,61.31166099136753
0,16,10,-9,-9,-9,-9,-9
0,26,7,10,5,10,162.5177839012919,98.99345919596897
0,38,5,1,10,0,180.2609176373714,80.77290110033604
0,67,12,7,8,30,174.74994864243237,96.18564424656708
0,34,12,11,1,0,164.21258710802434,90.83338017090763
0,5,9,-9,-9,-9,-9,-9
0,53,1,9,7,10,172.6114557142841,69.1683770518367
1,24,6,6,9,20,170.34124080406565,76.45445016499157
0,54,7,11,3,30,194.99782315801204,89.42029320001436
1,57,10,2,7,10,162.63739592637987,80.51269645786377
0,11,5,-9,-9,-9,-9,-9
1,27,8,4,10,10,144.58961573357112,90.05871802487474
1,53,9,4,4,0,171.97873102612164,80.257033084093365
0,30,11,2,4,20,167.09247895877976,96.65705679846928
0,81,5,3,4,0,180.1168376771447,79.52927749586803
0,62,7,4,7,40,168.84239748593103,91.26564549309033
1,64,2,10,1,10,162.90033340405776,66.86030390705547
0,8,7,-9,-9,-9,-9,-9
0,33,9,8,4,10,177.42307593182676,91.55642210981398
0,7,11,-9,-9,-9,-9,-9
1,57,6,12,2,0,164.30198341299644,59.97789432211198
1,15,12,-9,-9,-9,-9,-9
0,25,12,7,4,10,182.01743401186567,100.71285988233714
0,6,6,-9,-9,-9,-9,-9
0,67,12,3,8,10,184.32438407081278,79.23087134051663
1,67,3,2,2,0,161.51230393630314,73.72934666428718
0,68,1,6,2,20,183.93671596969867,97.89172091912272
1,66,4,6,1,0,164.54612974722198,79.27123538677763
1,12,7,-9,-9,-9,-9,-9
1,8,1,-9,-9,-9,-9,-9
1,61,5,12,3,10,156.55038111388825,82.90925756601732
1,81,8,4,9,0,164.1599265353903,73.07905850081619
0,19,1,6,3,10,184.47168170601455,77.29291894533834
0,3,9,-9,-9,-9,-9,-9
0,74,7,11,9,10,175.35945519536284,105.27284999960804
0,58,8,7,4,0,184.3865283484129,83.6658361982933
1,30,9,3,7,10,163.09834644138897,69.55909504339401
1,1,4,-9,-9,-9,-9,-9
0,32,8,9,5,30,180.87203921535252,66.71476976097169
0,38,11,5,2,40,187.34050669220952,98.58866122334672
1,49,2,2,5,20,146.0826062222326,78.29443741462205
1,28,1,8,8,20,160.0512999033744,54.64545263239835
0,56,10,12,6,0,183.8707052475292,78.94626762017609
0,72,5,7,6,10,177.72480637639148,83.012930488776007
1,57,8,6,3,0,164.0945268410458,79.79481265040644
1,86,9,9,7,10,147.98604825114813,71.63547440425324
1,87,2,3,2,20,164.18844952561537,62.4887320461627
0,65,7,3,7,10,182.60969718273006,100.83116978353443
1,18,1,7,10,30,169.39788032496912,68.83242565824224
0,72,9,1,3,10,179.00529713137195,82.98776738159957
0,65,12,8,9,10,168.28499500603928,88.72971006087809
0,48,6,12,6,0,174.984713902597,83.30049785753914
0,11,3,-9,-9,-9,-9,-9
0,68,9,9,5,10,190.25492418421516,88.98506568420919
1,26,7,4,9,0,163.99346480470987,64.76652024369997
0,47,7,12,5,10,168.98040174310987,69.5374598601108
0,68,5,1,4,20,180.81911761059814,65.17224317438865
1,17,6,-9,-9,-9,-9,-9
1,54,11,6,7,0,167.2599176942572,59.093538034936074
1,51,10,6,5,10,148.99038546059367,80.35887616562187
1,1,11,-9,-9,-9,-9,-9
1,56,7,6,9,0,162.81286950411842,82.5204379670705
0,31,4,4,8,20,172.76468506570822,79.32848282204131
0,35,5,6,1,10,178.64317270989713,82.42751061731441
1,55,12,11,10,0,159.9818082952219,75.64419111382131
1,12,5,-9,-9,-9,-9,-9
1,48,7,2,6,30,166.4510360181659,88.22717171315095
1,4,3,-9,-9,-9,-9,-9
0,68,8,12,5,0,172.44893727725383,94.42972753601603
1,62,9,1,3,0,165.96069468965592,90.12899482618025
1,18,1,3,8,0,159.41829217470845,63.167828847004444
0,57,10,10,2,0,178.91090747616533,103.51304337376743
0,4,9,-9,-9,-9,-9,-9
1,48,2,7,2,0,165.7200674854837,68.11196752804324
1,47,8,10,5,20,150.6437486050961,95.37916147123534
1,25,3,3,10,30,167.584320704505,79.79433567075957
1,5,2,-9,-9,-9,-9,-9
1,50,1,4,7,10,157.89507842421182,69.09337751822507
0,52,10,4,2,10,178.85273660648255,73.49581962167144
0,56,3,7,7,30,180.06915038596534,88.31166144060835
1,2,3,-9,-9,-9,-9,-9
1,64,6,6,6,20,152.87909991564723,61.03559154959497
1,20,6,7,2,10,173.50485376719257,86.63110105516236
0,32,9,10,10,0,169.997328134288,84.8125932184288
0,9,9,-9,-9,-9,-9,-9
0,45,6,2,5,20,171.78271566708852,102.95183959089316
1,38,11,11,8,10,155.98710485530052,70.61082364411767
1,6,8,-9,-9,-9,-9,-9
0,21,2,1,8,0,174.7853727951697,80.55597439863871
0,1,2,-9,-9,-9,-9,-9
1,49,4,9,4,0,160.16264073056644,56.84229594636945
0,34,4,1,3,10,187.87401189464225,77.28993167875824
0,52,4,4,4,0,177.78472127121006,48.53410413978977
1,37,4,7,4,10,161.1678123638243,90.10672427754986
1,10,7,-9,-9,-9,-9,-9
0,52,9,2,10,0,169.77967953559218,92.52395072587613
1,7,4,-9,-9,-9,-9,-9
0,12,2,-9,-9,-9,-9,-9
0,23,1,8,9,20,179.37403785534357,71.6532754961191
1,50,5,7,8,0,162.45401358788436,41.191695145351616
0,34,7,10,2,20,181.3869457075631,83.34984681942636
0,12,11,-9,-9,-9,-9,-9
0,3,2,-9,-9,-9,-9,-9
1,84,7,9,2,10,170.29964351357282,63.882584770682556
1,44,5,4,8,30,167.57195917984774,78.05119153273667
1,77,8,2,9,30,156.98416150346193,67.7865711352215
1,46,1,8,5,0,173.61568740212826,63.25989956824007
0,18,10,9,6,30,185.05620403431956,70.10454287362788
0,26,8,6,2,20,176.6352610853112,119.52133400935185
1,25,2,2,1,20,157.1322053987689,71.95770545982474
1,65,7,2,4,10,148.35991901226257,57.58500560875808
0,79,2,8,2,20,168.37193362794935,85.9640578641267
0,26,12,3,4,10,184.5268748004503,104.35943376825405
1,9,2,-9,-9,-9,-9,-9
1,35,9,1,10,0,156.02316507305986,72.1874888257838
0,21,7,11,3,20,186.82416450089286,84.964905105939
1,44,2,4,10,10,161.37316097594038,87.77575083072408
1,16,2,-9,-9,-9,-9,-9
1,11,1,-9,-9,-9,-9,-9
0,23,1,8,1,30,183.70671399093186,70.80387517685554
1,17,11,-9,-9,-9,-9,-9
0,73,6,2,9,0,170.88058820506797,54.74825128033667
0,48,4,11,5,20,189.29898447067256,81.2949255958045
1,1,11,-9,-9,-9,-9,-9
0,6,9,-9,-9,-9,-9,-9
1,50,9,12,5,0,147.655388857818,74.91395540396263
0,20,8,2,5,0,179.66197600727634,71.66222462600797
1,67,7,5,4,20,166.15928712803682,86.32552066948122
1,80,1,8,3,10,164.32031871380306,59.554750509423506
1,38,2,8,3,0,170.6568633848778,71.4183442252856
1,17,12,-9,-9,-9,-9,-9
1,27,1,10,4,50,138.5299358175041,58.88295259674682
1,40,6,2,8,0,171.13638122950937,67.90851025774387
1,37,6,4,3,10,168.8729397152591,59.727967642469
0,8,5,-9,-9,-9,-9,-9
0,13,6,-9,-9,-9,-9,-9
0,38,5,1,10,20,174.24711576437232,86.75944739304504
0,13,6,-9,-9,-9,-9,-9
1,44,4,4,5,20,161.5465252067457,62.232143088412855
1,62,11,7,10,0,171.16286119340376,76.18419285931154
0,49,4,5,4,0,158.8464752994808,83.96772285790736
0,61,4,5,1,0,171.5611294666509,64.49917949963762
1,2,11,-9,-9,-9,-9,-9
0,27,7,9,2,0,175.23946997542205,110.45681501739799
0,74,9,10,1,0,177.39950933976957,57.964961147693906
0,29,6,9,9,0,172.50924918960237,76.9763132873251
0,5,7,-9,-9,-9,-9,-9
0,47,8,3,1,0,173.92905456401678,78.76221823594051
0,14,9,-9,-9,-9,-9,-9
0,58,3,1,6,20,171.89626015816611,81.81287047476322
0,46,3,4,9,0,168.3294516810885,82.30219024907409
1,66,7,9,5,0,156.31647874867622,91.46121133594366
0,65,10,2,2,10,181.61754654897126,89.0615236852384
0,3,7,-9,-9,-9,-9,-9
0,65,1,12,4,10,178.55766948546977,79.6280563715296
0,38,3,1,7,20,173.29821210020424,71.23474276698404
0,63,9,9,2,20,177.65461696028953,100.43713103038128
0,41,10,1,5,20,178.9015525836008,84.35411250185527
1,7,5,-9,-9,-9,-9,-9
0,17,2,-9,-9,-9,-9,-9
0,47,7,2,2,20,168.2110087312077,79.36611499474792
0,75,3,7,2,0,152.87160084611958,56.61556164149566
1,6,11,-9,-9,-9,-9,-9
1,1,4,-9,-9,-9,-9,-9
0,2,9,-9,-9,-9,-9,-9
1,48,12,7,6,10,167.91243729934055,61.62513340000824
1,70,6,7,7,20,157.52274130186248,68.40580313285047
1,65,12,3,8,0,164.20119987726656,62.76753372507442
1,52,2,5,3,10,155.1141549872583,87.85088695132448
1,15,9,-9,-9,-9,-9,-9
0,75,8,5,9,10,179.8367002123662,88.35370467495333
0,57,10,6,5,20,181.8556244455482,66.4373301240209
0,42,9,3,2,0,189.97795330410239,90.00906882360404
1,36,6,1,2,0,174.85243189407808,53.002444507647375
1,32,4,8,6,0,167.03441330926302,60.70622662047135
0,60,11,10,7,0,175.89024495274006,80.69749702455019
0,37,12,5,2,10,202.42230420657665,93.75589578754386
0,59,12,12,7,10,175.75425570434103,114.97077395108269
0,66,11,11,10,0,183.40142759359912,60.98185290271384
1,67,8,3,7,10,152.9490168015568,58.66815671412505
1,12,11,-9,-9,-9,-9,-9
1,58,7,2,5,0,157.2058289172184,71.67114212178262
1,74,3,12,8,10,168.39872194865768,72.36268743601705
0,73,4,7,8,20,180.02044603170324,52.26576965045322
1,67,6,1,9,0,155.55019441434104,61.146332494349636
1,3,9,-9,-9,-9,-9,-9
0,5,3,-9,-9,-9,-9,-9
0,27,2,5,2,0,170.0618471820998,106.66122168620839
1,44,2,7,4,0,167.93593451041266,66.12339662888566
1,28,2,8,8,0,169.76991509638063,78.83021140903234
1,56,12,6,9,10,168.61843000332766,95.93588422337882
0,38,10,2,9,10,170.33502781675784,113.36281390643359
1,3,11,-9,-9,-9,-9,-9
0,79,5,8,8,0,167.68528481807874,80.97738326228277
1,70,4,6,6,10,157.12248294205304,68.3333984406781
1,52,8,4,1,0,154.74263417875773,74.95459579333085
0,54,7,4,3,0,174.39065750026276,60.528623229237944
0,23,8,9,1,10,176.46465329607963,80.47374314159336
0,34,5,9,3,0,172.41067197722833,87.24346903102703
0,61,3,8,3,0,177.01515397443694,96.16119572026037
1,73,8,9,6,0,156.82455868582912,78.83942004210576
1,35,2,6,5,10,169.1853586665785,55.704667395846236
1,33,11,9,3,0,177.82508610352184,69.98578808550567
1,61,3,7,10,0,156.30762915840646,66.5999928718254
0,59,8,11,3,10,183.55874102082467,105.4040269204292
0,56,10,10,1,20,180.95088697170058,96.40063225224829
0,53,3,12,7,10,175.61580852659958,83.16769024379073
0,57,8,6,5,0,165.17151594187123,67.27912313615607
0,18,8,11,6,10,174.62055636395854,69.6643823611241
1,47,12,2,9,10,161.02623843216975,75.05431823413298
0,82,4,2,6,20,185.39891883009537,85.26884431451475
0,3,6,-9,-9,-9,-9,-9
1,54,5,5,5,0,159.32046952540955,60.95500157057957
0,29,6,5,5,10,173.97592506592773,94.22501821316075
1,34,12,5,7,0,164.69291105602903,58.232587005968995
1,49,7,7,5,10,146.54288738534547,73.29130589555574
0,10,5,-9,-9,-9,-9,-9
1,47,10,12,10,0,162.3166251807523,77.17528335466501
0,65,3,1,7,30,183.28408434791402,102.07319984138249
1,29,10,3,9,0,166.32815277961177,79.12536386077686
1,13,12,-9,-9,-9,-9,-9
1,36,10,3,5,20,167.6162993792537,55.4114701650537
0,47,11,9,3,0,166.63490949384433,145.5086762535046
1,56,4,8,2,0,173.4349834100658,78.4056461690638
1,19,2,2,4,20,155.6804523346827,64.42528218471884
1,52,12,10,2,0,160.68689168456888,68.53337836488355
0,52,7,7,6,0,174.04649602883765,111.68666903935508
0,67,7,12,6,10,181.3214609493008,82.57908694515504
1,76,7,11,5,30,157.67476646417268,48.54638526614464
0,70,8,2,3,20,187.69893424011102,81.69781118052587
1,31,9,2,7,10,172.37574233934058,51.923625715965244
0,59,8,6,8,0,182.71344875678187,84.46045152826896
1,51,1,5,5,10,153.77993062621343,57.326013507294434
0,19,10,5,10,0,159.96660060889957,82.09773347216728
1,48,7,2,7,0,157.16998731062907,78.2023841449625
0,35,7,6,9,30,183.88110521238505,104.76009165567176
1,12,2,-9,-9,-9,-9,-9
0,57,1,6,4,0,171.1555149334489,83.97263855720907
1,32,6,3,6,10,164.90284596788268,75.72628400017092
1,19,8,6,8,10,171.43249916541183,64.46998141443152
1,41,6,9,8,20,154.95444972418423,61.904935412004576
1,35,1,7,9,30,173.02179041931666,69.87567022403496
1,17,3,-9,-9,-9,-9,-9
0,52,2,3,10,0,183.5230787727732,87.5295928024351
1,3,8,-9,-9,-9,-9,-9
1,75,1,5,4,0,154.82633563118944,75.15987325245837
0,90,3,3,5,20,169.9796862833739,93.36898460825482
1,48,4,2,8,40,169.15609016403405,75.2364451854599
0,40,6,6,6,0,188.31458216073926,76.25377308742767
1,54,5,3,8,20,165.05031579993843,80.92954877856184
1,51,1,5,7,20,152.76408383284922,72.20394388536941
0,31,9,8,5,20,169.5423609489928,80.47221001173592
0,25,4,6,8,0,161.9995102875629,77.6556710392363
0,40,8,4,10,10,180.77749860934455,75.02837339334054
1,75,10,6,5,40,155.55443953856266,52.534568085053394
1,4,5,-9,-9,-9,-9,-9
1,36,5,9,1,0,163.04974981262936,84.74219885942148
1,40,7,7,10,0,151.9176432068626,57.31987717874318
0,38,9,2,9,10,188.30220457726918,101.6415468704234
0,69,8,7,7,20,175.07023929849055,65.76288171149629
0,80,9,3,3,20,177.42333350376288,85.17958870682459
1,13,1,-9,-9,-9,-9,-9
1,22,12,3,7,10,160.20362626624535,54.8264070388784
1,51,9,6,2,0,157.03446933288626,79.17287419087164
1,52,5,6,5,10,167.2209377897055,64.29126262837238
1,48,12,12,4,20,166.01969649730026,85.1999230288679
0,72,4,8,7,20,172.4735727607902,82.27369273376178
0,20,12,4,4,10,170.67266699982147,108.92461381345447
0,59,4,7,6,20,170.02096262651995,84.76108864320967
0,79,6,4,8,20,174.74651684665136,96.34706892748284
1,48,11,11,2,10,162.3107590349142,77.33564895963796
0,43,3,6,3,20,186.55842482467125,100.23418715648387
1,3,5,-9,-9,-9,-9,-9
0,38,3,7,9,0,175.62530057502678,76.32843205369582
0,18,5,10,5,10,177.68949958803853,91.35228451518752
0,93,1,8,5,10,177.44186197500972,86.66637285763903
1,79,6,9,3,0,161.4966872305006,67.11448302057185
1,61,7,1,6,0,161.17826778995007,66.18371527696605
0,10,11,-9,-9,-9,-9,-9
1,24,6,1,2,30,155.71053960094247,64.68673446898198
1,9,12,-9,-9,-9,-9,-9
0,33,6,11,9,0,183.09922621358106,87.92673094465303
1,67,10,9,6,10,167.68073958683172,60.52436636655741
0,62,9,8,9,20,185.1300402468003,80.71363996594549
1,25,12,7,1,20,162.6822434315941,86.0138259753548
1,18,6,6,8,10,165.06266963443707,71.16908285340693
0,69,8,12,8,0,179.33756403991893,78.30956243734904
0,35,5,6,5,0,164.74769348711877,64.98734458264491
1,33,6,5,3,0,171.0779688680684,73.81791265958822
0,71,11,7,6,10,178.42725178249904,100.46448059187944
0,38,8,3,6,0,180.93445613746383,73.83228862164623
1,2,12,-9,-9,-9,-9,-9
0,26,12,3,5,30,181.97488786034458,99.10310546094902
0,32,10,1,1,0,168.94779284908566,100.66798833135289
0,40,4,3,5,20,161.9951894189297,90.42374993963644
1,53,12,3,10,30,166.78945787088526,63.897148953970344
1,45,11,6,1,0,167.76626149570941,67.68481886512843
0,43,8,2,6,0,168.96979004592532,91.27043013975633
0,20,2,11,1,30,160.17670481238,53.882809144051144
1,57,9,12,7,0,161.24787268386578,48.93124162753266
1,80,6,5,10,10,171.15632667332366,55.84396932884435
1,8,12,-9,-9,-9,-9,-9
0,16,2,-9,-9,-9,-9,-9
0,10,8,-9,-9,-9,-9,-9
0,2,6,-9,-9,-9,-9,-9
1,48,11,5,10,20,162.86280176607474,85.53137021107142
1,51,8,5,5,0,157.8096116867779,60.35927358344008
1,66,5,8,10,10,161.15853470784015,84.24283927204954
1,26,10,9,9,30,156.59537751281528,62.703778183020106
1,48,3,11,4,0,162.40740699537142,75.17281804381199
1,67,4,10,3,10,162.90670363860966,79.24097027873313
1,32,6,1,8,0,168.62795467592025,88.52136943597154
0,9,10,-9,-9,-9,-9,-9
1,60,3,1,6,30,166.72617631392774,80.32627118073033
1,16,4,-9,-9,-9,-9,-9
0,4,11,-9,-9,-9,-9,-9
1,60,12,3,8,30,158.35449310510364,52.047881517915194
1,61,11,5,9,10,153.36350189873878,76.34730297706264
1,58,9,6,2,0,158.20565176201046,77.88601875505864
1,77,1,10,8,10,159.76187245400644,57.48024829787921
0,9,2,-9,-9,-9,-9,-9
1,73,6,1,7,10,169.94650553979497,52.80751303397322
0,2,10,-9,-9,-9,-9,-9
0,37,12,12,7,0,188.04450363990895,101.39907933524194
1,69,3,9,1,0,159.95865958654267,76.31744839264304
0,19,7,5,1,10,180.88562282986334,101.28335790299383
0,55,7,10,3,10,173.16724558692542,88.95284578915837
0,63,4,8,5,0,169.42580063576787,63.218056189534195
1,80,10,8,4,20,169.76149166730673,77.45699633693069
0,23,1,4,10,20,179.48674120305432,96.04100374346935
1,13,8,-9,-9,-9,-9,-9
1,40,11,11,2,0,154.8325857173502,82.25701641868893
0,12,2,-9,-9,-9,-9,-9
0,54,8,11,1,0,174.35195611734815,120.70813269810212
1,49,10,6,9,0,158.71858458431086,76.95042745112174
1,41,3,6,5,0,162.26669542066938,76.68857252786908
1,40,12,9,7,10,167.09449081586087,78.46354730496944
1,71,7,7,7,20,174.2172050469428,67.89627228593257
1,70,8,3,1,20,161.3508530465718,84.45263048846672
1,46,1,3,7,0,171.97296701375566,83.91495760609985
1,79,4,12,4,20,154.60985301378795,65.07253315832861
1,83,5,11,2,10,164.3543814570301,37.28843749970865
0,26,1,2,1,0,184.43201077024617,76.47600780887515
1,56,9,12,1,0,162.29510733684606,81.07755587413753
1,13,8,-9,-9,-9,-9,-9
1,2,4,-9,-9,-9,-9,-9
1,78,6,11,8,10,159.512143059032,69.83589416450371
0,24,7,1,1,0,167.96928289871494,91.74005606758912
1,34,3,9,1,0,159.3787462531687,80.70090844679663
0,62,6,12,7,10,169.56230785732262,98.45859371072885
0,13,8,-9,-9,-9,-9,-9
0,67,10,2,2,20,165.18411093635407,75.64070203505321
0,38,6,3,2,40,173.90251574072016,78.59575543573477
0,60,9,8,3,10,173.81885775014726,88.0894363033753
1,58,5,11,9,20,159.27498493747163,54.40949309098942
0,54,4,8,3,0,167.19847597841323,71.09169327927434
0,65,7,8,5,10,175.38553942912233,98.88918957553996
1,55,4,3,6,20,161.0121841979701,66.27571217671496
1,50,4,4,6,40,175.8822300471453,54.292310910098244
0,60,9,3,6,20,175.00552725044506,89.48855925774747
1,17,6,-9,-9,-9,-9,-9
1,43,6,6,5,30,154.0618958849689,80.56321550234786
0,28,3,11,3,10,187.8222970015439,63.84034264143305
0,76,6,1,2,10,175.43593601021067,110.30052070483094
1,20,11,7,6,20,164.13507962465687,85.82622061540971
1,36,6,6,4,0,154.79311890410193,64.62682187685469
1,77,11,12,3,10,172.44001109093801,82.22400871359241
1,45,8,1,1,30,166.0879464952402,70.72505258924042
0,54,4,3,5,10,168.2427991619254,66.4255405715855
1,54,3,2,4,10,170.2497540899835,68.62600973929814
1,36,6,2,5,0,169.32001970191996,66.77612298440869
0,15,9,-9,-9,-9,-9,-9
1,64,6,3,1,0,161.0148903823568,72.35894943544906
0,73,9,9,3,0,183.11377525522443,54.64031785818254
0,73,4,4,4,0,174.65352488169864,93.22540465948532
0,25,10,9,6,40,171.05395613466177,75.46811642528304
1,56,4,11,2,10,160.93604753488452,47.93836614163926
0,60,2,6,2,10,180.09066120040404,83.17003869591153
0,40,8,5,2,0,167.09914198997583,74.97980810003135
0,42,11,3,8,20,186.65570961839904,92.8047858539957
0,1,11,-9,-9,-9,-9,-9
0,23,8,10,9,0,179.0748622565107,95.8103819871053
1,100,4,7,5,10,165.5594779686465,51.5493336481574
0,23,4,4,9,0,181.86727405378923,100.27783819359703
0,47,11,3,1,10,178.52947817295234,78.32985221599573
1,8,1,-9,-9,-9,-9,-9
1,61,10,1,2,10,156.9589467620905,73.05810108057176
1,69,3,10,5,20,159.22774566409453,49.808749110604715
0,15,3,-9,-9,-9,-9,-9
1,70,12,6,4,10,164.38389136471193,53.91566180066223
0,70,1,1,4,20,192.81189463831322,70.9727413209088
1,81,10,2,6,20,159.935109927122,75.94738304082183
0,19,1,3,1,20,167.51980407541862,84.11104239747048
1,89,3,10,10,0,175.38600942158715,67.55860715015639
1,30,12,12,7,10,166.47571811790408,69.26926960391778
1,7,11,-9,-9,-9,-9,-9
1,42,9,4,10,0,166.41357928541387,67.61199463127393
0,61,9,9,7,0,175.53608080757485,64.54593849414861
0,61,8,2,7,0,184.00648222378362,95.4126655843475
0,9,5,-9,-9,-9,-9,-9
1,63,10,2,5,30,156.59171619987674,55.79172500575381
1,74,1,2,10,0,165.30105063407905,87.45132925125438
1,53,6,2,3,20,169.61889598549965,81.15620573503912
1,29,4,1,4,10,161.97321404311268,86.90700663492458
0,34,4,1,2,10,179.82399901449557,110.34485149959265
0,41,4,9,8,30,185.04777504640342,97.10612382440712
0,45,3,12,2,10,175.9844750004626,95.4106566880067
1,10,5,-9,-9,-9,-9,-9
0,56,6,12,5,0,162.3205259144086,84.37163861409529
0,45,6,12,7,0,175.86204600770543,83.22300637717694
0,20,2,6,8,10,168.8273305265392,95.81549629983154
1,45,5,9,7,0,154.81221805051578,75.13956588150727
1,55,11,7,4,20,159.94392565244746,65.12758260290119
0,42,6,6,5,10,173.97530453809597,110.22468013776233
1,57,6,9,8,10,152.86451957492122,75.27368231251486
1,35,4,2,8,40,155.59628281697624,46.37471085865948
1,38,3,9,9,10,154.75567412806643,79.13517954141875
1,22,5,12,9,0,163.4954812945834,71.67722460453398
0,73,7,3,3,0,185.10816657069142,79.44550321133181
0,56,6,2,5,10,174.88901366678002,78.48013956459283
1,59,10,1,9,0,156.47095819589984,89.05204848455423
1,11,4,-9,-9,-9,-9,-9
0,38,1,9,5,20,165.43064329150036,87.47180775240136
0,49,10,1,4,10,169.6735775707195,88.6156508279888
1,53,8,6,9,10,173.0806613963861,53.08251696884919
1,23,10,5,9,30,166.14814257313708,73.02690824754146
1,47,9,5,7,30,156.38880028784703,69.42002806532524
1,58,6,5,6,0,166.60982184275215,84.1235850724994
0,17,12,-9,-9,-9,-9,-9
0,84,11,6,9,20,181.4277341410026,96.33315438697618
0,75,8,8,2,20,170.30817963934678,80.90184903623904
0,45,8,9,3,40,181.44161052085815,93.6646795045604
1,74,1,10,1,20,164.0156272267663,70.4754877359156
0,35,8,1,6,10,175.00956566577085,97.9396106175889
0,71,10,9,8,20,177.69399528492028,98.38572170104048
0,3,11,-9,-9,-9,-9,-9
0,23,10,11,4,10,174.07736272128108,54.441230106926895
1,39,9,6,4,0,162.46509177504902,76.74387338023986
1,84,6,8,2,0,163.00842410072013,76.08986737068594
1,23,2,2,7,20,162.1334554271443,64.65959675778782
1,40,3,9,10,10,167.14146659841884,65.91367819757214
0,2,11,-9,-9,-9,-9,-9
1,60,2,2,1,10,168.04388205118497,64.38556890538858
0,65,7,6,4,20,163.27429186566889,90.20073832133727
1,21,6,2,5,30,167.09760200181407,87.8182454382932
1,8,10,-9,-9,-9,-9,-9
1,17,7,-9,-9,-9,-9,-9
0,70,12,1,7,30,162.72453671633096,88.02388008770133
0,22,11,5,8,10,191.3480272234408,94.64616407327027
1,3,5,-9,-9,-9,-9,-9
1,47,7,8,6,10,161.52164694912688,91.8259962995288
0,67,6,10,6,0,171.32885625525665,78.14520467781958
1,8,4,-9,-9,-9,-9,-9
0,23,3,9,7,0,175.208658799818,72.06235475670182
0,17,7,-9,-9,-9,-9,-9
0,32,10,4,10,20,168.2557359201025,95.33538345989236
1,50,10,5,1,10,159.58858796594242,73.54032588373113
0,68,10,12,5,0,170.38128324800692,85.53052196405287
1,66,12,2,3,0,158.59794262477604,80.58014896859049
1,17,12,-9,-9,-9,-9,-9
0,38,3,9,2,10,178.093793208196,90.56721516758306
1,1,11,-9,-9,-9,-9,-9
0,83,3,11,5,10,172.18399156701622,56.43863662882836
1,69,7,7,9,0,168.31419699381408,74.98144551057554
1,44,8,1,9,10,164.38021622624845,55.03615744079213
1,37,12,2,7,20,163.4411403005011,90.49421668804217
1,12,4,-9,-9,-9,-9,-9
0,9,10,-9,-9,-9,-9,-9
0,21,2,5,7,20,188.76441723208367,84.85640064819982
1,26,2,6,3,20,161.96825071638995,87.05114046193158
0,66,6,8,7,10,176.17251767867413,77.16902721045079
0,11,4,-9,-9,-9,-9,-9
1,36,8,10,3,0,154.34818565134833,66.72051466750887
0,81,2,2,2,0,177.7806243486782,91.4192932507033
0,38,12,11,4,10,177.17652058177748,84.94577081508672
1,59,8,7,4,10,167.20290785262088,71.11373662036115
0,53,12,5,9,20,178.44055297955094,113.84808741142416
1,55,5,12,10,0,152.38907358994354,75.59614745319165
1,15,12,-9,-9,-9,-9,-9
1,27,9,11,9,20,176.54047448906763,81.97644445981109
1,42,9,3,3,0,163.31464990558922,52.79855512276491
1,8,4,-9,-9,-9,-9,-9
1,22,8,6,5,10,164.56559408379835,80.6229825081294
0,56,8,12,1,20,174.43357458833094,86.43265447831597
0,66,8,1,7,10,171.28389886879836,99.29750859558253
1,74,1,8,3,10,164.3986174975181,69.2944928376146
1,75,11,10,8,30,169.1013602175141,65.86691501647056
0,46,9,4,3,10,188.87492137176173,47.2726513756115
0,12,11,-9,-9,-9,-9,-9
1,41,5,9,8,20,162.43321009116917,78.26990416102456
1,4,3,-9,-9,-9,-9,-9
1,60,2,7,4,20,167.4520951311381,85.89410158328593
0,42,12,2,9,10,174.26848768362726,63.274000010500274
1,52,7,6,7,20,163.61775153203152,65.57841279961566
1,75,10,12,9,0,167.32173647649253,78.47261450223066
1,18,5,9,3,10,161.23514436656922,74.52507424627696
1,12,12,-9,-9,-9,-9,-9
0,26,8,7,2,0,182.08370381810627,85.78079939943541
1,84,7,7,8,20,162.357864693591,74.43622339113317
0,17,4,-9,-9,-9,-9,-9
1,17,12,-9,-9,-9,-9,-9
0,42,1,1,2,20,169.55131435410414,115.83946773325958
0,37,7,6,4,30,180.15297171165258,73.83340095372483
0,20,1,9,4,40,171.6810967977197,65.02025204706105
0,8,6,-9,-9,-9,-9,-9
0,59,6,8,5,10,185.09043665665382,73.07532619518827
0,70,8,1,7,30,174.22325964259596,93.68878028892506
0,36,3,5,4,10,184.70126579061633,72.09701037915886
1,16,8,-9,-9,-9,-9,-9
0,28,3,11,2,30,170.6763708922673,83.87514207768783
0,2,5,-9,-9,-9,-9,-9
0,72,7,9,2,0,172.92458396538836,54.45853274176826
0,77,4,3,2,0,185.40569836999373,92.62750684275366
1,6,6,-9,-9,-9,-9,-9
1,43,7,6,5,0,165.92216011312055,67.79866228804656
0,50,9,5,4,20,185.21361837136217,79.7459598024599
1,75,2,3,4,10,156.14892116562825,68.42902852676156
0,87,7,1,6,20,176.22486014591016,72.42746884765855
1,52,4,5,9,10,160.02609740010436,73.71154712862952
0,22,11,6,8,10,173.29835271067984,81.22167327854194
1,71,6,6,2,0,161.34610542593114,81.68177699577737
1,37,4,6,9,0,145.8607154490615,54.790829826831114
1,17,4,-9,-9,-9,-9,-9
0,38,6,1,5,20,179.00291355532653,125.21024285349935
1,63,6,3,3,20,172.08036266499013,88.10766548810273
1,75,6,2,7,10,156.87025972878848,97.27820911391021
1,34,11,12,9,0,159.49534608910608,73.04386891638174
0,63,2,11,1,20,179.4587012726066,72.97107736178533
0,35,3,3,1,10,172.15398575371697,90.1256675226343
0,69,11,9,3,20,188.6364943160915,77.79918312062051
1,71,8,12,5,0,164.06571503544376,61.04490080044705
0,70,1,5,1,10,176.5894050976254,76.2028943362139
1,71,2,8,4,10,152.74128390703453,83.47211923536759
1,38,4,10,1,10,156.90924864877036,59.155150986338725
0,22,11,8,8,0,177.98144056168863,109.7585953657458
1,44,4,9,1,30,157.3083256392494,67.50850759189416
1,14,7,-9,-9,-9,-9,-9
1,14,2,-9,-9,-9,-9,-9
1,36,7,3,7,10,160.43336581191943,67.89340446240847
0,11,6,-9,-9,-9,-9,-9
1,48,4,2,3,10,163.78616847650537,61.881620340491104
0,25,5,8,10,0,192.33143501679749,55.12622414953621
0,27,10,10,8,10,190.68328373512253,93.00504262059958
1,38,6,1,9,20,156.17354640120223,58.956653647911345
1,54,7,9,4,10,160.41645058647123,89.34227960560449
0,77,9,5,5,0,171.2293942523003,87.70238199354006
1,61,12,7,3,30,153.86325647684217,68.77540246035016
0,52,7,5,10,0,179.71232070681856,76.36634862625351
1,33,2,8,10,0,155.47854493193114,74.23436335788529
0,61,3,9,4,10,182.62966930453254,78.30371109276895
0,17,12,-9,-9,-9,-9,-9
0,49,8,3,4,0,181.1677700969901,81.77289054107727
1,71,8,11,7,0,164.73627341784768,86.03568818074777
1,64,2,3,9,30,168.74731171162378,72.33159096805016
1,55,3,9,6,10,155.8003571850895,75.10961506096913
0,42,5,6,8,20,170.3360226579424,118.76232219823981
0,77,4,7,9,0,164.6787054181167,66.45483860105219
1,64,5,5,1,10,158.3876790195064,62.3411078793405
1,15,6,-9,-9,-9,-9,-9
0,13,8,-9,-9,-9,-9,-9
1,56,12,8,6,30,152.56979848829698,61.23396660191021
1,52,6,11,4,20,175.4331132497764,84.38010239721388
0,61,8,5,1,0,178.20329215409726,88.249958157219055
1,61,8,9,4,20,154.17519431458226,66.1271412299362
1,69,8,3,7,20,170.99696009700176,74.2989332720929
1,2,1,-9,-9,-9,-9,-9
0,86,8,5,5,10,170.6001030012106,99.20764261890713
1,17,12,-9,-9,-9,-9,-9
1,45,1,10,7,0,159.75130798379024,77.75049951418194
0,42,11,9,6,20,166.76342194095918,90.58323678775456
1,39,9,8,10,0,164.40526820621525,68.77810997533967
0,36,7,5,1,10,161.01360048006387,72.44023561949439
1,11,12,-9,-9,-9,-9,-9
1,63,12,7,5,0,168.4622393653355,81.81687838570036
0,42,8,10,9,20,181.89664586855238,90.2361959630232
0,17,6,-9,-9,-9,-9,-9
1,6,7,-9,-9,-9,-9,-9
1,60,12,7,5,0,153.78476329872368,71.8647315850771
0,69,5,2,8,30,186.05349926290083,103.93497830313346
1,23,4,6,3,10,164.77110388131092,73.129674544949
0,50,6,7,10,10,160.32422036201936,87.6672086435135
1,48,1,4,5,30,154.69679559075487,69.04770090012397
0,62,4,2,2,0,185.47447611465014,85.47338112838683
0,39,6,10,4,20,162.19862873581894,110.64738266939789
1,56,9,8,5,10,164.23387968041797,83.32628437589801
0,51,4,12,6,10,184.66640902659887,67.07871805672204
1,55,1,12,9,0,159.41851393143,53.657566621591826
1,22,12,12,3,0,172.42158939620032,74.73543985888797
0,66,2,9,8,0,169.73352570825432,88.77187368801359
1,51,12,10,9,10,164.1402340206186,68.38751991465116
1,12,10,-9,-9,-9,-9,-9
0,4,10,-9,-9,-9,-9,-9
0,75,11,6,4,0,175.87139020700837,79.32638063443795
1,32,7,11,4,40,170.6073134852788,71.48531972745536
1,44,7,11,5,10,152.9725061810262,59.13744125785896
0,89,3,7,4,20,178.1399289847683,78.55812887592703
1,28,7,11,2,30,156.73944446311603,84.50591394745103
1,44,7,6,2,20,145.96447375348868,88.0505005227913
1,48,11,6,4,20,151.1689542828606,74.55987227734265
0,62,11,2,6,0,179.3705615427694,79.34345224249377
0,43,11,4,5,0,180.2828134016938,52.72075195061018
1,23,1,12,1,10,157.88518604689787,70.80222515451112
1,18,1,5,3,10,155.29541391034962,87.87872491932788
1,75,3,12,8,10,158.71756671683497,84.21369571358117
0,75,9,4,7,0,170.34997223964845,105.12170379691943
1,36,1,10,3,0,165.53640855989525,96.34648219742367
1,28,1,9,1,10,160.58835728599297,79.80642584036883
0,14,3,-9,-9,-9,-9,-9
0,64,12,6,8,10,179.0393167897134,85.82809719119658
1,65,5,10,9,10,146.68620839362976,71.93679602655746
0,60,8,11,10,10,177.76779733863762,69.6859523052335
1,17,4,-9,-9,-9,-9,-9
1,4,8,-9,-9,-9,-9,-9
1,1,5,-9,-9,-9,-9,-9
1,56,5,8,4,20,159.89238016181693,69.93279869416043
1,69,4,11,2,0,155.50373741460362,72.05269615540907
1,61,3,7,3,0,148.44163568042416,80.13553484014103
1,19,3,2,2,0,157.56202271953583,87.91922604309558
1,21,10,3,10,0,169.58732152769426,65.53824986537441
1,23,11,5,6,0,162.93224467709442,81.22119800577033
1,55,10,7,7,0,163.50162117422906,60.24957548811035
1,56,8,6,9,0,177.8928286242403,78.57808832439291
0,50,6,5,5,10,169.99578730336435,76.2953029976926
1,6,12,-9,-9,-9,-9,-9
1,43,8,12,1,0,146.16825799782,60.67203166997984
1,46,8,8,3,0,176.1742848318185,77.12162336084656
0,23,12,9,10,20,178.4367258221154,80.1252342019469
1,3,6,-9,-9,-9,-9,-9
1,35,11,10,2,10,153.71792384118083,69.24384659576297
0,15,8,-9,-9,-9,-9,-9
0,59,7,2,2,10,171.8080934739732,66.30964168787105
1,35,11,1,6,10,173.02302205634044,77.50817393734357
1,21,7,8,7,20,151.76796304107228,48.55221808300958
0,18,4,5,6,10,169.72003748477286,83.8987095076536
0,81,9,4,6,20,174.56510203019906,70.01555397679974
0,61,12,4,5,20,197.9526915376665,83.24775331590916
1,11,1,-9,-9,-9,-9,-9
0,66,9,6,7,10,188.0987738670104,87.02614603901891
1,60,1,8,3,10,153.76486614142456,85.73270645463548
0,34,12,11,5,20,167.49446613168013,97.77321167914968
0,38,2,10,9,10,165.5234110454762,83.43698910016832
0,64,9,7,9,10,185.71567520376493,87.13110226949647
0,65,2,4,4,10,173.17667741621253,100.45104116708438
0,3,11,-9,-9,-9,-9,-9
0,33,8,5,4,10,180.41693510291418,84.5420054223477
1,16,1,-9,-9,-9,-9,-9
1,67,8,4,1,20,171.31669580987833,81.861313289223
1,72,10,12,4,0,155.1370721430252,76.85393508628218
1,3,12,-9,-9,-9,-9,-9
1,73,5,2,2,10,158.68645810745713,62.237077867285
1,78,7,10,3,10,166.6438929689472,57.73388456478825
0,24,1,12,9,0,185.39276783418228,96.72813009793211
0,59,8,7,7,0,171.62341688871027,85.36638423152412
1,58,12,3,4,20,156.4403058007715,72.19469862876537
1,36,2,3,4,10,156.4862009492701,85.94568465839006
1,59,12,3,6,20,161.30815559134695,75.82279618743371
1,40,11,12,8,10,162.78827732091077,57.15179416117749
0,9,8,-9,-9,-9,-9,-9
1,6,10,-9,-9,-9,-9,-9
0,38,4,7,6,0,182.57016386798543,78.43767805775222
1,22,5,9,1,0,159.35439351017132,82.45473025274987
1,10,11,-9,-9,-9,-9,-9
0,35,4,4,7,0,188.73459021885193,119.60126106096925
0,22,10,9,9,0,183.1036648404346,119.73200685990605
0,11,1,-9,-9,-9,-9,-9
0,76,3,5,6,0,167.97066144397226,80.81530429880065
0,33,9,3,2,0,179.1411112252541,102.49856405984153
1,68,9,11,9,0,162.99322882296002,74.119460108227
1,20,11,6,2,30,159.31371431719967,76.86107070062695
0,40,9,4,1,0,189.74231552681175,92.5700200108933
0,71,3,2,6,20,179.2072944802013,105.01130724262406
0,46,7,3,5,10,189.269601506072,112.87588273937695
1,4,12,-9,-9,-9,-9,-9
0,25,4,5,5,10,177.45220183705706,68.52771066704858
1,39,6,1,9,0,161.68189806673098,87.3225551650195
1,27,5,3,3,20,155.56800239505577,53.498226033547986
0,31,1,1,6,20,164.6024155010769,110.55616593410234
1,58,10,8,2,20,170.7177583569385,54.4130997164885
1,36,1,4,4,20,157.57545607274568,94.08670295728872
1,56,5,7,8,10,163.21914950736357,75.16012284425271
1,38,1,11,9,0,180.61473025512257,58.94137615191319
1,59,12,4,3,0,170.67198791688247,69.43068721503478
0,39,5,5,5,10,177.58260451116132,86.75592434604422
1,6,3,-9,-9,-9,-9,-9
0,7,8,-9,-9,-9,-9,-9
0,66,6,9,4,20,165.50257471067246,92.06696252991098
0,17,7,-9,-9,-9,-9,-9
0,43,3,8,10,20,171.62509256601217,84.38667804928255
1,49,2,10,3,20,154.5988872526845,109.79585571159357
0,57,1,8,7,10,185.11063760587962,105.65614380485944
0,67,2,11,5,20,171.6437449531793,100.76619033982085
0,18,8,9,7,10,183.04801928471684,77.12578107071134
1,57,7,3,10,20,154.6634581810092,64.98304434205176
0,93,7,1,5,20,181.59877947901205,98.09619087509347
0,17,8,-9,-9,-9,-9,-9
1,13,5,-9,-9,-9,-9,-9
0,28,10,3,9,10,179.43786645865782,81.71836175490627
0,44,12,5,4,10,155.32428904625039,55.793938943434874
0,22,12,12,4,10,174.86464166734814,107.91697035044172
1,66,4,12,3,0,177.1556997882425,63.62783027048574
1,55,5,2,9,0,151.3082045043009,80.38194120592216
1,48,5,10,4,30,157.45382498570828,79.33114780406339
0,48,2,8,4,30,177.98967363179403,87.08867875727411
0,22,9,7,10,20,176.47794969142348,86.36542887089644
0,11,5,-9,-9,-9,-9,-9
1,59,1,12,10,10,171.2747743556837,98.09745446647813
0,53,4,3,10,10,183.27754063242645,92.88165238841117
0,39,1,7,6,10,176.23551351396588,102.04959942356271
0,30,8,12,6,10,166.72572177048303,90.72865478524287
0,4,3,-9,-9,-9,-9,-9
1,33,10,4,6,0,161.17704966562505,80.95322535738478
1,59,1,1,1,0,183.15877454268292,77.8841058147208
0,43,5,6,10,10,178.65935176093896,84.60292492102215
1,72,6,10,1,20,165.55200377899496,68.533507403309045
0,69,8,6,2,0,172.40076375312398,61.297588950893925
0,24,5,5,5,20,163.11816053331376,75.56909728523443
1,44,2,4,6,30,159.47815064308676,79.66334606027813
0,45,10,8,10,20,194.30197923457115,84.95704221370389
0,64,4,7,2,0,185.05258044130719,104.4457902148029
0,31,5,1,6,10,187.46660970321688,109.83015556334942
0,61,12,7,2,10,176.4536776316128,83.18675024730686
0,9,9,-9,-9,-9,-9,-9
0,28,6,12,5,10,180.81358822703766,85.98778961747456
0,26,1,5,2,10,192.82634803439393,92.7162317594817
1,66,7,9,8,0,162.06963665928964,84.50545267183833
1,58,2,4,7,0,173.44016125376322,69.5166287959006
0,61,10,8,3,20,173.7938669063672,87.37389517920921
0,51,12,7,1,10,187.1559708564649,87.81623429582181
0,7,2,-9,-9,-9,-9,-9
0,87,3,12,2,10,172.707330904854,73.78137689896718
1,37,6,2,2,20,158.68860706642727,79.49517575093341
0,42,3,5,8,10,177.12012577721023,78.20626420544787
0,16,12,-9,-9,-9,-9,-9
0,36,5,9,10,0,178.27163946002528,87.71605350860634
1,49,3,8,3,30,157.0343428054092,69.50934040284815
1,27,5,6,3,0,173.43466621444279,76.65912589912392
0,60,10,1,9,0,179.4550740918638,57.87155482572133
0,69,1,7,5,10,171.15330931195388,84.55734844214096
1,83,12,12,2,0,166.93757057041148,64.49016549165782
1,44,7,3,6,30,163.77578826167812,82.8895670333072
0,57,5,12,9,30,180.6109006154448,77.79888784097759
1,17,11,-9,-9,-9,-9,-9
1,42,8,12,9,20,153.18752222732442,63.10160489562274
0,79,10,5,2,20,166.44520503320416,92.63311620324464
1,71,7,12,2,20,165.9300908298088,65.36827352701462
1,67,1,4,7,10,154.94084473817372,62.91981708393178
1,53,7,10,2,20,149.86284352086705,69.74512195739966
1,12,1,-9,-9,-9,-9,-9
0,57,11,1,4,20,177.92603384909538,122.92267561469609
1,42,9,12,9,10,167.97769393885153,69.96658363938667
1,70,7,10,2,20,169.00514050202167,80.88246050504294
1,78,4,6,5,0,166.28353074664952,65.44223169326847
1,53,7,12,10,10,153.50409468604016,78.04514167678738
1,82,8,2,1,0,161.87928660409804,55.68040117135517
0,7,11,-9,-9,-9,-9,-9
0,49,2,1,3,10,168.01987288164065,80.16733152111249
0,69,3,11,5,0,185.53618333764103,81.38122159406943
0,79,3,5,8,30,163.66438289214094,109.34951657647794
0,82,2,6,9,0,168.48072188693348,114.63066877606184
1,66,10,2,3,30,155.86190741926453,71.06753498494332
1,10,3,-9,-9,-9,-9,-9
1,13,10,-9,-9,-9,-9,-9
1,57,3,12,7,30,172.46701064310022,72.03257054814861
0,7,12,-9,-9,-9,-9,-9
0,3,6,-9,-9,-9,-9,-9
1,81,6,8,1,30,151.0272526600608,82.28961572908784
1,9,12,-9,-9,-9,-9,-9
0,50,5,12,7,20,167.44021560861324,86.88610721405665
1,44,7,7,9,30,150.23503027985834,70.47768543315831
0,41,3,2,9,0,184.58637446505284,72.00676158093873
1,9,1,-9,-9,-9,-9,-9
1,47,4,10,3,10,150.5710111496664,71.49516324890769
0,37,6,11,9,20,192.26432226685017,85.20048898710448
0,64,11,1,6,30,168.8627330380999,91.9644327051625
1,83,12,3,6,20,149.7709457699612,68.67546002548781
0,59,1,5,4,20,176.49329877851918,120.67676021137896
1,21,8,1,9,10,172.6786031487864,77.80590377496569
1,55,11,9,3,20,159.26478202417516,57.30515365108796
0,11,1,-9,-9,-9,-9,-9
0,23,1,4,6,10,177.2819361003305,71.3146094003674
1,17,6,-9,-9,-9,-9,-9
1,67,5,3,3,10,160.64163667415968,68.42812961079578
1,44,6,9,7,10,153.892612345767,74.35161073841184
0,44,7,1,5,0,184.77691574183027,89.54161078014084
0,63,8,1,10,0,198.52824066501734,105.98023470443638
0,44,11,11,4,20,177.81367280631326,92.19205960439783
0,38,11,7,7,10,171.104419732711,99.27585776015192
0,31,4,4,2,20,184.9212510667784,83.30889570234164
0,64,6,2,4,10,168.55707631109362,82.0999630908045
1,40,8,12,4,0,152.3358096860162,65.54545152429793
0,63,2,2,4,0,179.6667538019161,82.39695172792862
1,3,3,-9,-9,-9,-9,-9
1,61,9,9,8,0,163.5925532030681,65.61324530813675
0,58,12,5,3,10,177.5119894392434,103.69026596670197
1,71,11,6,4,30,151.8018893346239,47.033507627254025
0,10,8,-9,-9,-9,-9,-9
1,13,6,-9,-9,-9,-9,-9
0,13,1,-9,-9,-9,-9,-9
0,64,2,2,4,10,178.03933696147976,101.9431282614404
0,46,10,2,9,10,163.80753250693164,92.37791116114867
0,72,3,9,8,0,167.88572562596053,68.2008253204483
1,41,4,11,7,20,175.3640529260754,67.75709667640967
1,63,9,5,8,20,164.29600914320216,66.17835976223704
0,31,5,1,8,20,178.96092306106846,86.46756206970322
1,56,3,3,3,0,168.2505265697468,82.45852752057834
1,34,3,7,6,20,167.8089563412954,87.5470915879203
1,24,6,1,10,0,160.8748411280122,84.53267367816795
1,57,12,2,7,10,159.1860704179445,81.55456510316424
1,56,4,10,2,0,179.43843079161115,46.5476506038996
1,60,10,1,5,20,173.9728950774714,63.14121361322563
1,58,10,8,9,30,161.08078888490542,97.03624726413082
1,9,10,-9,-9,-9,-9,-9
0,77,11,5,4,10,165.63925858968236,51.70213077731509
1,37,12,9,1,20,154.39296302286348,68.67831823559997
0,47,6,3,10,30,177.33403316353792,65.79644407662103
0,81,3,9,10,20,177.6246411660871,79.69133174876234
1,37,6,8,9,0,157.13651935415825,74.67952990158327
1,18,9,2,9,0,155.05275960767145,79.29131812758624
1,53,11,10,7,50,164.2730773597557,63.42126944738884
0,93,3,10,5,0,172.06885166825475,96.51946780990434
0,19,1,6,8,20,179.23276506559844,101.05435001600947
0,8,4,-9,-9,-9,-9,-9
1,10,3,-9,-9,-9,-9,-9
0,40,2,11,4,0,174.10390408559468,73.11148732335018
0,35,10,3,6,10,171.62644213827323,77.86257844857722
0,20,4,9,2,0,167.7254676502935,97.09054425176674
0,40,12,6,5,20,173.00517074624196,67.58795693099847
0,65,7,12,9,20,155.9019432827904,96.56209175790976
1,55,9,9,1,10,160.7981789455392,73.92289227731048
1,20,3,8,2,0,153.02004985686642,84.72449802694558
0,62,12,1,6,0,168.67669550038994,60.40111330643622
0,11,12,-9,-9,-9,-9,-9
0,13,3,-9,-9,-9,-9,-9
0,73,3,4,7,10,183.35377228403382,72.04255673588375
0,62,12,8,8,20,174.31650796214993,97.28122999937456
1,66,4,5,9,30,165.45996385458452,63.60554212753593
0,42,11,2,7,20,186.63351021510215,71.66049586785994
1,63,12,1,10,10,161.42728374349343,85.40782843557143
1,72,4,9,3,10,161.56797396955372,94.76212376077311
0,75,6,8,10,20,153.22609111195467,61.44589382562223
0,53,2,12,10,20,181.2305921556401,65.90252021070549
0,54,8,7,6,0,180.3650729693208,79.39320931810148
1,35,1,2,8,30,159.81232520598738,75.78832677340797
1,71,9,2,2,10,156.20602637749946,59.20943794400809
0,14,2,-9,-9,-9,-9,-9
1,5,7,-9,-9,-9,-9,-9
0,58,10,4,10,30,183.1927513976683,95.58062144319041
1,13,9,-9,-9,-9,-9,-9
1,7,1,-9,-9,-9,-9,-9
0,73,9,6,5,0,175.44463075311756,63.160827761870735
0,71,5,8,4,0,171.0528642981197,83.39259247700629
0,67,3,8,6,0,177.08145122268044,83.11321771107217
0,82,8,8,5,0,150.5182189089363,76.9802429339371
1,33,5,1,6,0,154.87357778442936,78.68313465686202
1,51,11,2,8,20,163.0089705041551,66.16792253379745
1,27,2,4,4,20,163.10663487129614,79.5808463076843
1,31,2,9,1,20,165.01148860324116,85.22119501059096
1,60,2,4,1,0,158.064895082297,67.83802731920527
0,73,5,4,7,0,182.91901949939196,57.45063678623643
0,52,2,11,4,10,168.30712535287853,53.26767460318498
0,16,6,-9,-9,-9,-9,-9
1,71,12,4,4,10,154.9583125458084,59.22867971365375
1,22,12,6,9,30,163.02512201887873,44.951133235459416
1,24,10,10,7,0,153.27252003966933,59.36654963494769
0,56,9,10,10,10,177.85713012700165,74.49774668885718
1,54,6,8,8,20,154.4765081075637,66.790933463132
1,5,11,-9,-9,-9,-9,-9
0,36,9,4,1,10,170.7935614522917,93.8574464791321
0,67,9,7,3,20,188.08565505428845,57.46923734502671
0,47,5,7,9,0,162.0495651144465,95.88289746495582
1,50,2,11,5,20,165.96557196048238,92.51759088805778
0,71,2,4,4,20,172.77902489447644,77.0292332351467
0,20,12,8,4,10,196.5522706690504,85.14487556149453
0,36,11,4,5,0,177.62550876675004,118.84069431883881
0,12,7,-9,-9,-9,-9,-9
1,15,7,-9,-9,-9,-9,-9
1,56,5,1,9,0,162.5853043632633,58.64452701191428
0,59,11,10,6,20,181.93329874368453,80.71675518028727
1,73,1,7,1,10,155.44764168136348,59.2861412059237
1,67,11,4,3,0,159.62647443865507,65.15339956731377
1,72,12,1,8,10,163.0280126906831,75.93536716973534
1,7,3,-9,-9,-9,-9,-9
0,21,8,1,10,20,173.8374816396686,92.23469876849312
0,71,3,8,6,20,179.57747127481596,109.71922635585263
1,43,7,3,6,0,158.66282405799237,62.30541516834374
1,45,5,12,2,0,163.898815927539,75.75573632749769
0,52,5,7,9,0,182.30588601391284,95.18423905233016
1,56,12,1,3,0,146.80108893614354,85.83186078545327
0,69,4,8,3,10,166.33808579355613,76.29368036785385
0,40,6,10,6,10,171.203150206422,71.32866969334094
0,12,6,-9,-9,-9,-9,-9
1,40,4,12,1,0,172.15478399815294,72.40953652975658
0,49,4,4,6,20,177.70803924572638,77.19611837613165
1,41,7,8,10,0,156.550548234629,80.98740507954042
1,22,9,10,4,20,156.98858170081814,85.6079618243815
1,69,10,2,5,0,166.42321325830363,69.21380166198911
1,1,5,-9,-9,-9,-9,-9
0,30,11,1,9,20,183.77019417894556,116.68487162102501
0,20,2,4,10,10,171.0672495737795,82.80877563587109
1,75,12,6,7,20,151.14762776044032,63.983152513776304
0,16,6,-9,-9,-9,-9,-9
1,58,5,6,1,0,152.68369406819568,51.25907715397833
1,19,9,6,10,30,166.2491327061414,76.2716831877555
1,41,9,10,3,10,163.4037077262914,79.56075884515955
1,1,4,-9,-9,-9,-9,-9
0,48,6,7,6,10,166.21283860166807,91.11338594925826
0,57,6,2,2,20,172.15669111669533,87.16788213710053
1,36,1,7,5,20,172.35687287455733,57.6708331290703
1,53,5,7,2,20,160.8328780780833,69.74961152830184
0,5,2,-9,-9,-9,-9,-9
1,45,6,6,8,0,165.83751801547544,75.87979015410824
0,69,8,3,3,10,171.6218208599078,107.16173098523272
1,10,2,-9,-9,-9,-9,-9
0,68,7,5,4,10,177.8164890669527,96.67486172158819
0,50,10,12,5,40,174.54035067281532,76.20178019997292
0,52,7,10,1,0,179.03989772532813,75.45552174943587
0,6,10,-9,-9,-9,-9,-9
1,80,4,9,10,0,166.80798115757304,67.73300772252833
0,13,9,-9,-9,-9,-9,-9
1,55,7,5,2,0,156.05114975896115,79.3691872788324
0,11,6,-9,-9,-9,-9,-9
1,7,9,-9,-9,-9,-9,-9
1,53,4,4,7,20,174.32033749601538,67.45932676385918
1,11,5,-9,-9,-9,-9,-9
0,8,10,-9,-9,-9,-9,-9
0,58,7,2,6,30,181.01522281273458,82.10110261796389
1,29,9,6,5,0,158.41632746420373,87.74993545234145
1,23,11,5,4,0,181.81492630986432,63.33429478662237
1,72,1,7,1,0,173.21036421087206,92.87130135485042
1,63,11,6,3,10,161.8490586758521,78.39342437076594
0,67,9,11,5,10,175.99362350782053,102.4324072621159
1,3,6,-9,-9,-9,-9,-9
1,29,9,4,8,20,160.76869829979265,84.27997862009735
1,49,9,4,1,40,159.17102951164557,64.79565303784251
0,54,7,11,7,0,172.82642200201064,55.309210711954066
1,54,2,1,5,0,165.36409673234996,66.37080771464404
1,69,12,3,9,10,155.9716135947514,72.97079656935962
1,7,5,-9,-9,-9,-9,-9
1,34,3,5,1,10,174.27375264774855,66.38505368288357
1,23,4,8,8,0,172.99034212838586,51.91726710307045
1,13,5,-9,-9,-9,-9,-9
0,13,9,-9,-9,-9,-9,-9
1,13,2,-9,-9,-9,-9,-9
0,81,1,2,8,30,175.91505869076514,94.34080264189798
1,11,4,-9,-9,-9,-9,-9
0,35,12,7,9,20,180.69396821323147,99.20568534204236
1,84,11,4,9,0,158.52456196758595,77.0512467180163
0,25,12,8,7,30,185.10297409092234,104.83287586949231
1,53,11,7,3,20,170.22845124182078,76.48388504996385
1,79,11,11,7,0,168.74850292926237,73.3704547339939
1,23,3,6,2,30,155.19194451463642,79.07440401704251
1,53,3,12,5,10,159.69567754690388,80.89818638592787
0,43,2,3,6,30,177.85194770915768,79.00687840110518
1,13,11,-9,-9,-9,-9,-9
0,8,11,-9,-9,-9,-9,-9
0,39,5,3,6,10,190.1985961275093,85.1454411402809
1,29,4,4,6,10,170.83086850650443,63.35854530647224
0,12,11,-9,-9,-9,-9,-9
0,61,12,8,4,0,175.45458969499222,78.6995191316615
1,84,8,4,2,0,165.01017611271283,61.31242430332661
1,64,7,4,5,10,157.60341296422845,82.84806785068523
1,58,6,11,9,0,146.5236927697743,89.24755751693972
0,42,3,11,10,0,182.56925342565498,68.98521033575383
0,16,5,-9,-9,-9,-9,-9
0,11,11,-9,-9,-9,-9,-9
0,58,7,3,2,0,167.04205980402907,83.57160268899698
0,60,4,8,10,10,184.1644876414187,84.23011670152346
0,5,1,-9,-9,-9,-9,-9
1,7,12,-9,-9,-9,-9,-9
0,47,10,12,5,20,179.3029774190038,78.76343514668892
0,42,4,7,3,0,172.09761505712956,66.44787766423698
1,40,1,12,8,0,156.99842813128535,75.78360418175227
1,11,5,-9,-9,-9,-9,-9
0,61,9,12,7,10,180.27610931369367,81.27235384698989
1,71,9,5,10,0,165.95656566994637,72.8187189431718
0,7,10,-9,-9,-9,-9,-9
0,46,2,4,4,0,187.41008743421355,91.91107668282662
1,38,8,8,4,0,161.4666766283489,50.59169021725725
1,48,11,9,8,40,163.5576803982132,35.57884686212751
0,70,1,5,5,10,171.16136006259146,77.92459074969378
0,43,6,6,4,0,189.97456933641374,100.21517055609364
1,77,6,12,6,50,159.39006401726874,73.84856005630036
1,1,6,-9,-9,-9,-9,-9
0,43,11,11,9,10,184.34630124773952,81.3542580684348
1,89,5,3,9,10,156.00515524022686,78.47901606283915
0,25,10,4,7,10,170.31087036761753,74.62753546904383
1,5,3,-9,-9,-9,-9,-9
1,47,2,9,6,0,157.87937363982252,77.85628126795437
1,80,2,3,5,0,162.87938696460546,48.582114836018306
0,50,4,1,3,10,185.71261286305585,60.54078348504561
1,44,12,7,2,10,172.91729320662492,50.12346095332857
0,23,3,5,6,0,181.84913818051953,59.06016314988635
1,78,4,7,10,10,160.072178209064,74.30537736879516
1,16,1,-9,-9,-9,-9,-9
1,35,1,1,3,20,174.3761352360129,94.45650041375706
1,71,3,9,10,0,153.94766680938346,82.50416417587564
0,46,7,7,9,20,162.1015525122004,92.23214104703395
0,7,7,-9,-9,-9,-9,-9
1,26,7,8,7,0,159.6541075461372,51.19007104711996
0,45,5,12,3,0,173.2497136095019,83.2424308417168
0,53,8,12,10,10,178.29878648042904,80.49881785246433
1,63,10,9,9,10,155.1042211280022,78.7303629633874
0,81,4,1,6,0,160.798612627441,59.93341630668849
1,26,6,6,2,0,169.4348020726295,60.303010274980075
1,2,8,-9,-9,-9,-9,-9
0,78,4,1,2,0,177.2316596223337,68.84405034124805
1,82,9,11,4,50,170.03302315509006,74.73494332577961
0,75,4,1,10,20,165.53814677049567,87.59756597203109
0,5,3,-9,-9,-9,-9,-9
0,41,11,3,8,20,167.27284088395479,98.79175654440687
0,79,5,12,9,0,178.85775616225067,105.40645969333448
0,16,4,-9,-9,-9,-9,-9
1,6,11,-9,-9,-9,-9,-9
1,35,12,2,6,0,164.33327135124108,92.30606795510964
1,48,2,8,8,20,165.94716686456596,82.44324139737076
1,20,11,3,5,10,160.87648635126936,87.57985431285474
1,62,1,8,5,20,164.3091649186401,73.86916786133929
0,77,12,3,2,0,170.3750093462999,91.33454912979099
1,45,8,9,10,20,154.5220330369622,71.27740538241481
1,46,10,9,3,0,165.58454035676158,84.33702017836565
1,3,11,-9,-9,-9,-9,-9
1,69,9,12,10,20,150.05793579494684,64.70377718946017
0,30,1,6,3,0,182.20053873803505,87.43643584479248
0,80,11,2,7,20,183.24425949910935,88.92832239646006
1,36,9,11,8,0,166.59320964469572,61.08632346568264
0,77,7,8,6,0,181.12296819980898,68.98278393682406
0,69,5,10,8,10,174.5494727166211,105.21152253583733
1,50,6,8,7,20,162.82126509180864,49.80764947371058
0,36,12,5,10,10,175.141797911686,66.56404652278972
1,78,5,2,3,10,153.6036079281324,77.04112419227253
0,32,11,1,1,20,183.5994451447766,78.73501989417903
0,20,2,5,8,30,186.11055199067945,82.84162267450078
0,65,11,12,6,10,173.65446980465128,118.81108318562028
1,33,7,7,3,0,159.2756541542814,74.94830875389214
0,47,10,12,7,0,182.91912619575274,81.966462263143
0,4,5,-9,-9,-9,-9,-9
1,33,2,7,4,20,163.94696817945285,63.067066605270256
0,56,2,10,2,10,175.88038995206892,91.52460135643554
1,75,12,5,8,10,169.18559563766573,77.64932223859952
0,10,8,-9,-9,-9,-9,-9
1,61,7,5,10,40,157.8598282093614,73.9511341027997
1,35,4,8,10,10,162.7263202771754,74.29285127645143
0,68,2,2,3,20,168.67675039286286,82.86960237201323
1,59,9,1,4,10,169.29215899327832,53.32585664580036
1,62,12,1,1,10,157.00477404641288,71.29535219948379
1,10,4,-9,-9,-9,-9,-9
1,37,6,3,8,10,169.2315446776007,82.95918907463394
0,37,7,4,4,10,167.24873717688845,81.58262511823342
1,10,7,-9,-9,-9,-9,-9
0,26,3,3,5,0,179.873073124621,64.57580370419228
0,60,3,3,7,10,173.68230423151104,92.78836239201215
0,54,5,7,7,0,174.6453002291654,85.04315330269458
1,73,8,12,6,20,151.21053820510014,87.18513713547787
1,42,8,9,4,0,155.11150486327676,75.96001505988986
1,79,3,2,10,0,170.37059477759524,58.987006176259726
1,74,12,6,3,0,157.9249576805362,74.51403900972466
0,2,8,-9,-9,-9,-9,-9
0,65,4,6,7,10,172.1567890645127,91.86703981951275
0,38,7,11,2,10,181.3501441554278,74.8102831394663
0,46,3,10,10,20,176.49721441262548,68.97789268018752
1,40,7,9,4,0,165.74701422084485,76.23830364766546
1,59,8,10,1,20,160.413882954641,60.70094493670672
0,65,8,3,6,0,182.6162390353255,76.5567857369545
0,61,7,11,10,0,170.55867048784384,84.47152194474167
0,47,1,7,9,30,154.50256354140143,68.78975485741938
1,4,10,-9,-9,-9,-9,-9
1,52,5,8,1,0,167.47895386110983,95.44993006234829
1,46,6,11,1,10,163.27481636662665,55.111974907830316
0,69,5,5,3,0,185.82494535570078,70.28324230866424
1,13,5,-9,-9,-9,-9,-9
0,77,1,10,2,20,167.51898604065778,73.31569317854674
0,49,11,8,6,20,168.65621199230768,87.53967299042533
0,23,10,1,1,20,191.8990670388252,94.81868577295576
0,57,3,9,2,10,171.07719533671667,106.90144580409573
0,61,11,4,8,30,169.2658637455508,101.91699301122898
0,48,2,2,4,0,177.60845430389205,89.77444612322451
1,59,3,6,5,0,166.6268936770706,64.59290799725197
0,31,6,2,4,10,181.437779466118,78.5714037098804
0,52,6,8,7,20,179.55974819406268,58.966968709811994
0,13,4,-9,-9,-9,-9,-9
1,39,10,1,6,20,162.46275325346306,80.34541545627843
0,5,11,-9,-9,-9,-9,-9
1,51,11,5,4,10,159.13770272179062,53.16387210249664
1,38,7,9,3,30,155.37438132907795,72.32355888095934
0,54,7,10,7,20,179.17770780795126,94.7605521232905
1,58,7,3,9,10,165.0855319808927,70.34151378194034
0,61,3,7,4,10,184.20090266523115,64.79849889673233
1,72,9,9,9,0,149.37547726902315,82.42438348691522
1,17,6,-9,-9,-9,-9,-9
0,72,9,12,5,10,185.9018530438728,81.64939445335267
0,30,1,9,1,0,177.79233706874348,96.03104841745099
1,85,9,3,10,0,155.77498427789226,77.47063667392861
0,70,9,2,5,0,171.82276990174003,91.6080379803565
0,21,2,2,7,20,161.02857479313835,103.4710235830668
1,56,1,9,5,20,160.35725044391558,69.87748622572441
1,6,8,-9,-9,-9,-9,-9
1,72,11,12,1,10,167.8155975720306,77.60990958670152
0,31,7,11,2,0,172.36240570346422,97.7603529019051
0,47,4,8,1,0,176.04439842363547,74.20801530061539
1,73,8,2,9,0,169.55247359534744,61.939031069486106
0,74,9,10,5,0,173.36458835461409,84.33208537096634
1,25,8,4,8,20,164.94180048212215,86.48307183381864
1,51,12,12,5,20,149.73608506492968,59.876684084518494
1,62,10,6,10,0,163.85512451380018,85.57584008153765
0,58,7,8,2,20,159.15297840935534,109.19193942764947
1,43,11,10,8,0,149.11310730260232,56.209602675713974
1,42,7,3,5,0,169.48524656867426,66.09151508154861
0,78,7,3,2,10,171.18147397395725,89.84835874724973
0,55,11,3,8,20,174.8407908954485,77.96277842029563
0,14,3,-9,-9,-9,-9,-9
1,73,11,9,9,0,164.64887563683305,80.272171267804
0,35,11,5,9,10,176.059992508251,92.78886023882224
0,55,2,2,4,40,177.6050073248615,70.71639314170758
1,30,1,6,4,10,166.34943179463792,66.53634078593991
1,44,8,9,6,20,158.46325883375138,89.12712723479802
1,22,6,2,10,30,160.22698472782702,76.58211860785127
1,64,1,2,3,0,170.59665887652153,70.83369725896398
0,42,12,3,5,20,171.37918721415906,101.58545425240673
0,44,10,12,5,10,164.45293107654896,81.60870618412271
1,19,1,7,2,0,173.07730460486772,51.0226757680027
0,78,6,6,1,20,179.7246173267812,94.05034503880992
0,12,5,-9,-9,-9,-9,-9
1,47,12,6,3,30,159.57422292224513,81.2188084940385
1,81,2,3,2,20,135.2055812987266,78.94230572747608
1,52,10,1,2,10,155.5579420001944,83.69052717325907
1,49,10,11,9,10,164.6449905511931,72.78955175075752
0,1,3,-9,-9,-9,-9,-9
0,40,8,6,2,0,179.32439189368472,76.42171785282302
0,44,3,3,3,20,176.01708267876845,97.46769066048054
0,12,12,-9,-9,-9,-9,-9
1,23,8,5,2,30,160.7384729801443,65.81491491849408
0,78,8,8,4,10,177.77853509188253,65.09775239091027
0,20,3,9,6,0,164.35120306128667,132.47579667225307
0,21,3,1,3,0,158.30358138998844,89.27200443373907
1,13,8,-9,-9,-9,-9,-9
0,44,10,7,8,0,166.12243473989355,93.3441443543042
0,71,8,4,9,20,191.46387481184686,69.90225958469007
1,20,8,9,6,0,154.49634470572775,47.899914115706906
1,34,4,6,4,10,158.28246486115322,84.68682986696675
1,7,4,-9,-9,-9,-9,-9
1,66,4,7,6,0,158.1551506096464,68.28730827607924
1,46,9,9,6,10,165.44204329262936,97.26896524945744
0,21,8,9,2,10,169.779737338755,79.95765074804751
0,80,5,6,2,0,160.8947078229961,95.75530436308574
0,58,8,8,4,10,173.73540106497524,68.85301682142675
1,22,6,9,4,0,150.58237512070468,87.79367793108432
1,37,4,7,1,0,162.80955360321434,91.72125003237215
1,49,5,4,5,0,171.20546814810234,58.67256278072736
1,53,8,4,2,0,158.50694364559573,72.7661412642249
1,70,4,1,5,20,165.2327858423837,73.91572295005949
0,1,5,-9,-9,-9,-9,-9
0,26,11,10,4,0,173.95881183633512,84.24680102421975
0,45,5,3,6,0,170.21809820387742,70.69039067141296
0,55,12,11,10,10,164.75751787902917,57.38390909244941
0,36,3,1,9,0,169.35546579736638,80.1074521130883
0,73,9,5,3,10,177.5679601630977,99.24417534399299
1,58,6,8,2,20,161.962658870908,99.52713457920888
0,35,2,2,7,10,182.30771845093614,89.58300023270615
1,30,9,6,10,0,174.89649398393772,60.36925068238107
1,25,2,8,4,10,156.2669988290084,68.31554579420218
1,32,5,2,5,20,159.76132810634113,62.343205763141214
0,5,12,-9,-9,-9,-9,-9
0,43,5,5,6,10,192.37111926045708,64.7814198223392
1,66,12,4,4,10,150.68553912128388,94.7534559291878
0,16,11,-9,-9,-9,-9,-9
0,84,7,12,1,30,170.6844921746033,63.52079494311944
1,12,2,-9,-9,-9,-9,-9
1,39,7,3,6,10,158.44734800005867,82.44306438901235
0,26,2,6,9,0,179.68591459774854,75.90650704245843
0,56,2,7,5,0,169.36318319880007,119.80085818193558
1,55,1,7,6,10,163.33554612839745,82.14231968780173
1,54,6,5,3,30,150.65188360027548,83.22022952831321
1,65,6,8,3,20,164.5154508864277,93.83964751079208
0,22,10,12,2,10,172.25270247973734,76.56149477970271
0,45,8,1,10,10,180.25297715550607,73.21089257729759
1,61,10,10,4,30,157.58243628131805,78.79044775571381
1,69,8,6,6,30,159.44333895566152,52.40814715444667
1,4,7,-9,-9,-9,-9,-9
0,77,1,12,5,0,180.24790813723996,77.92079339912439
0,56,5,8,7,30,172.9997631492568,116.13641306720886
0,76,1,11,5,20,170.60148912126118,76.32745096628756
1,40,5,10,4,30,155.862368050659,76.44274503525264
1,1,12,-9,-9,-9,-9,-9
0,22,2,2,3,10,181.90033453818938,92.00466604416557
1,18,1,11,5,0,150.0306655081061,63.076169608371806
1,85,5,8,10,20,178.71668577760744,61.492631125346186
0,51,12,7,9,0,175.55822932485034,98.94579997440577
1,75,2,4,5,20,165.80642261242338,83.32563798613003
1,47,10,2,9,0,151.85071462578176,48.93795971403021
0,9,4,-9,-9,-9,-9,-9
1,50,5,5,8,0,158.87355197318118,77.63004288770958
0,7,5,-9,-9,-9,-9,-9
1,72,10,5,6,10,161.86747107469844,79.1970505444911
0,55,8,9,7,10,182.3643377207595,95.86623991764694
1,5,2,-9,-9,-9,-9,-9
1,15,7,-9,-9,-9,-9,-9
0,7,6,-9,-9,-9,-9,-9
1,43,12,5,9,20,161.22610029590018,90.59031582988136
0,16,7,-9,-9,-9,-9,-9
1,58,8,10,3,20,157.9590347900679,78.51548437438191
1,43,12,8,8,10,158.05931481966135,68.45473210343407
0,2,6,-9,-9,-9,-9,-9
1,76,10,2,5,20,165.260702436214,81.14861964885583
1,31,4,9,2,10,168.4211077156488,68.14351090610336
0,14,10,-9,-9,-9,-9,-9
0,56,12,8,4,20,165.7365542372287,73.60470719195887
0,76,12,11,8,40,190.80401965528404,120.03756674306626
0,81,8,6,1,20,183.71000960917453,104.94821013679777
1,43,1,11,9,20,158.09071945384704,61.95989475919181
1,15,11,-9,-9,-9,-9,-9
0,11,7,-9,-9,-9,-9,-9
1,41,12,3,9,0,151.07199405170402,97.8808766065827
1,51,11,8,4,10,161.5380066618295,73.68313824522212
1,71,7,7,8,10,155.2844767008226,67.77509776996004
1,55,3,1,6,0,163.97513995165113,47.41265832067961
0,61,7,10,8,10,177.7491409776823,75.03142504238771
0,79,2,5,1,0,182.16234405758445,68.79600191274476
1,28,6,7,2,20,160.7310037436624,68.56926881293882
0,11,12,-9,-9,-9,-9,-9
0,16,5,-9,-9,-9,-9,-9
1,37,10,8,7,0,171.56713255451535,91.02806192455526
1,55,11,1,2,10,159.12323489478086,82.56522657041596
1,77,3,8,8,10,161.31164907224783,73.58160264691594
0,29,12,4,2,10,180.57816591144598,89.83659941806869
0,54,12,1,8,30,183.33267944575604,85.96629431759905
1,66,10,7,4,20,164.13701415888428,67.71572974142168
1,67,11,11,4,10,161.98996719633575,63.32907650321313
0,19,9,8,2,20,175.61251941503022,86.78878932971939
0,7,12,-9,-9,-9,-9,-9
1,21,9,2,7,0,160.5582120008404,86.2671339943626
1,63,1,9,4,10,164.54355439587758,87.03472540738838
0,37,11,12,10,0,177.9677848900647,70.24478930434336
1,37,3,11,4,10,160.29440742694572,65.1939148437433
1,76,4,4,8,30,162.7664004996676,80.43312769574854
0,52,4,10,7,0,179.2442292620893,116.63909427370376
1,23,5,4,5,0,171.05812339061455,58.45751143550545
1,53,11,10,5,30,155.92237648536673,95.42547132123607
1,75,8,8,9,20,165.0838330487281,65.04718788268326
1,39,1,5,4,10,160.13224503951187,73.81738360808798
0,28,4,5,9,20,182.18506411190756,77.32931979160942
0,23,8,7,4,10,172.3537690436622,113.83372374650168
0,65,8,12,6,30,167.35340531992463,86.48995538401785
0,18,5,2,2,0,171.06440874808624,68.7366810217796
0,49,8,9,3,30,176.76705357057205,66.74865156503438
1,30,8,7,10,0,161.41427169155102,89.4678751996898
1,38,6,10,10,10,175.45845718862392,82.99818531876096
0,45,5,8,1,0,177.37998826467685,68.45976735575073
1,55,11,10,2,0,148.9069776487038,93.82176232205603
0,80,7,2,7,30,176.39450826609476,76.51701308186298
0,80,1,11,5,10,181.59761291707596,78.99685469934018
0,4,3,-9,-9,-9,-9,-9
0,14,7,-9,-9,-9,-9,-9
0,36,9,1,9,10,167.72161596511955,72.37207652718024
1,74,6,2,9,10,161.17725893378736,91.6835904625844
0,12,2,-9,-9,-9,-9,-9
0,53,5,7,9,20,177.84006766986565,88.76777406309986
1,2,8,-9,-9,-9,-9,-9
0,47,11,1,9,0,180.71124268783763,94.73443351398856
1,17,12,-9,-9,-9,-9,-9
0,44,8,7,3,20,166.1735178365367,73.6727704337662
0,62,11,12,3,0,184.2344961064188,102.48601227569281
0,47,7,12,7,20,179.04436596065975,92.57775097910194
0,38,10,6,3,10,173.0939804018307,84.20856964531137
0,4,7,-9,-9,-9,-9,-9
1,74,7,8,10,50,163.93378385226524,64.53181210871551
0,5,9,-9,-9,-9,-9,-9
0,69,8,7,7,10,189.95097907446936,87.05317032843338
0,5,10,-9,-9,-9,-9,-9
0,21,8,3,3,20,183.18622233423832,87.47162464998873
0,64,1,8,1,10,181.92969136544488,59.74930213017069
0,71,3,3,9,0,186.00003119187448,87.28864172411241
0,43,12,12,10,20,167.96821657120324,69.334874036555
0,63,9,1,3,10,166.44206685654416,83.6110635986123
1,1,7,-9,-9,-9,-9,-9
0,68,7,9,7,10,170.76810952602904,98.1462346703087
1,70,11,12,6,20,165.45655420866166,81.75767713765988
1,64,12,4,5,10,161.5292173947782,54.181978921645936
1,2,2,-9,-9,-9,-9,-9
1,59,3,11,9,20,166.15977008594535,65.14061495431041
1,6,2,-9,-9,-9,-9,-9
1,60,3,12,10,20,163.5849959105829,56.476073937892
1,72,5,1,2,0,169.91386732019757,61.08422659192148
1,43,7,2,7,20,179.08031849125484,60.7405682748602
0,59,6,8,5,20,187.46793263491432,102.59644046501921
0,76,1,3,10,10,163.26886069240638,96.31408073373824
0,66,7,5,6,0,183.65373313541906,89.74111106911445
0,65,3,8,5,10,179.1716063206792,81.67586979817494
1,88,6,9,4,20,158.33712302329062,70.52766802311942
1,14,4,-9,-9,-9,-9,-9
0,40,9,3,9,0,173.46653704041444,75.43223926880049
1,16,8,-9,-9,-9,-9,-9
0,36,1,9,5,20,180.02365019618944,97.0232710378695
1,21,9,10,2,10,165.964572992183,83.66891166295832
1,8,3,-9,-9,-9,-9,-9
0,21,2,12,2,0,186.62218466353187,96.85257714442925
1,60,9,7,2,10,153.01480339959795,83.78517450830661
0,50,8,3,9,0,177.76663960906336,97.51906958289932
0,79,6,5,10,0,182.16115069861843,101.8595394101159
0,64,9,3,4,10,166.70004321074677,98.7454122984442
0,53,1,4,10,20,179.85008801497537,57.47314151724805
1,64,4,11,6,10,163.02918190579527,71.21979029464461
1,36,8,7,1,0,164.40029573193993,73.46251152582282
0,63,8,4,3,20,164.53399027586403,100.82974925911043
1,46,11,4,1,0,153.0662764684806,60.92589906505991
1,59,4,11,8,10,172.5702713883818,79.77732719722951
0,9,12,-9,-9,-9,-9,-9
0,13,12,-9,-9,-9,-9,-9
0,79,9,4,8,10,177.85563083164567,84.60935654171604
1,47,9,10,4,20,146.7903257971883,60.84931432077848
0,66,5,7,8,20,175.54580372008743,105.23010464666402
1,58,8,7,8,30,155.37902613174134,56.814035919977854
0,9,5,-9,-9,-9,-9,-9
0,55,12,2,4,30,174.30999967529968,90.82540536773494
0,68,4,9,3,10,179.73490351063091,106.81239529278805
1,48,10,6,6,20,163.0806379663416,73.10030752490282
1,42,2,10,4,0,156.95307327306358,69.69887570482462
0,60,12,8,1,10,163.15341279072305,88.63472621277475
1,40,4,11,4,10,163.01350111471933,90.70443225607792
1,6,11,-9,-9,-9,-9,-9
0,66,1,6,8,20,179.40653045320323,96.79672754520945
0,30,3,11,9,0,158.19813520104506,96.67906250727981
0,29,2,6,4,0,177.42422174051518,84.85817418820956
0,40,4,4,8,20,158.35896468723507,84.2420274188997
1,21,11,7,3,0,162.87809133823754,88.54790275719857
1,44,6,7,7,10,148.35256890888672,68.19412109328016
0,65,4,2,1,0,186.5333968850183,84.54844440237116
0,61,11,8,9,20,166.13708899199992,106.36160618820949
0,35,10,12,6,0,181.86620130567255,105.44319105470845
0,28,8,10,10,20,167.9697001646433,87.66846856282828
0,46,11,12,3,0,171.66714824681975,87.46565312305984
1,86,5,11,6,0,161.99786846288535,72.86972322460554
0,4,7,-9,-9,-9,-9,-9
1,23,3,5,7,0,157.11247858736616,64.25728693145305
0,30,9,10,8,0,180.68946883175647,89.62483693026327
0,43,6,8,6,10,161.88214348726095,71.60287310075843
0,68,12,11,1,0,188.42816569720353,50.758808672071076
0,47,2,11,3,10,178.40286118888307,91.22140778251297
0,70,11,3,2,0,181.77870287999284,92.19747788979359
1,44,1,11,2,10,163.43502196101886,78.60568797150574
1,67,4,7,4,10,163.07433892266715,80.83529424616913
1,53,6,8,10,10,159.73447164201625,63.84003807315816
0,18,5,2,5,30,161.49829783375077,97.07180640838234
1,48,12,7,2,0,167.03657596748724,69.9286505194713
0,39,1,6,1,0,179.93644996483064,74.57788667106185
0,64,4,5,5,20,177.5928955737886,81.47505450963689
1,63,8,8,7,20,154.42460303880657,67.35211322459597
1,54,9,12,3,20,161.13461594076978,73.42947129418337
1,44,5,11,10,0,154.5437687948281,70.03173727406927
0,24,7,9,8,20,172.72612150546934,110.54252028648665
1,45,8,1,7,0,164.98365470018828,74.07407562531748
1,73,6,2,4,0,162.46361357022218,80.88703477182483
1,78,9,7,9,0,164.2681705270051,73.81127226022022
1,18,1,9,3,10,148.29373184669214,57.60662117900929
0,55,4,9,1,0,176.94316900927043,77.42283238971297
0,49,10,11,7,10,189.29298904348425,77.11042438133225
1,68,12,7,7,10,166.84716222000077,88.0342683435716
1,44,10,4,6,0,161.11208193448977,56.61882917947305
0,53,9,11,9,0,162.69785790085595,60.14215411899785
1,60,2,2,3,10,161.22790000746363,62.17342799090024
0,42,2,1,4,30,180.92076230470497,76.81335409137309
0,38,5,5,7,0,173.18555028335234,111.49306139784312
0,57,9,4,2,0,174.12210159621276,81.47271642024434
1,56,2,8,3,10,161.9858414476917,71.73277137355049
1,41,1,10,4,10,157.19959349488522,81.98979753361384
0,13,6,-9,-9,-9,-9,-9
0,39,1,7,10,0,169.1139846040936,73.71853760197592
1,54,3,4,4,10,157.02690636713416,67.47907640414779
0,59,3,9,2,10,179.0973678651444,80.64977767061139
1,10,1,-9,-9,-9,-9,-9
1,25,11,4,9,0,168.6453439446583,76.85383128810913
0,42,3,10,10,20,174.6747739950895,91.19938344271372
0,25,6,3,2,0,169.78363931409802,91.4155959351328
0,50,12,1,7,20,173.61957327413845,61.63026477793447
1,30,10,5,10,10,175.35681688618834,48.37914725684371
0,8,9,-9,-9,-9,-9,-9
1,60,6,9,9,10,163.45328276912394,57.52947616281731
1,44,11,10,1,20,156.53389002825753,72.76124009604389
0,47,9,2,8,10,185.1716587380219,78.1271552253278
1,16,7,-9,-9,-9,-9,-9
0,55,5,8,5,10,191.36752147023847,105.5255177732871
1,24,3,1,5,30,154.73184731198302,88.15183402617603
0,68,11,7,5,10,181.18687988795193,95.25969609305596
1,27,2,4,7,20,161.47992324768867,72.89557080978722
0,41,9,8,2,20,154.1135474185541,96.76987121785108
1,29,11,5,6,0,166.54150359648162,68.16849972361481
1,79,2,7,6,20,159.10676221091273,67.52673978927079
1,4,7,-9,-9,-9,-9,-9
1,50,12,3,10,10,161.57653115349353,75.04864812165282
1,42,9,10,8,20,166.97482931309085,55.22584595793738
0,25,9,6,10,20,185.3779101223479,101.38885262105258
1,12,1,-9,-9,-9,-9,-9
1,33,6,7,1,30,163.01564061098276,56.908247831365294
0,7,5,-9,-9,-9,-9,-9
1,49,7,10,1,20,162.1465404710722,78.55356547840368
0,45,9,9,4,0,168.05392193861599,84.85320854558533
0,49,9,3,8,20,176.68749771801558,75.18942591414151
1,12,5,-9,-9,-9,-9,-9
0,55,8,12,8,0,182.08988270159935,84.66133963513491
0,53,10,8,6,0,189.72575465533836,115.84599137607711
1,52,6,12,5,30,152.15849163413048,66.22195262616255
0,26,8,1,2,10,182.15447983229478,68.71214763215787
1,49,5,5,1,30,171.01469557522987,70.90255966043483
1,42,2,9,2,0,154.8458745961627,62.97318461603393
1,72,6,7,7,0,166.08895617854455,77.21562153600624
1,48,6,10,10,30,156.61706278773073,72.02162197587553
0,92,7,1,7,20,171.65217593437447,119.19903276756085
0,29,7,10,5,20,172.64534114656138,84.2721145045439
1,57,2,11,7,0,159.9133134171526,66.15525376942617
1,16,7,-9,-9,-9,-9,-9
1,45,11,9,8,0,159.2848355418587,72.24287740535608
1,6,11,-9,-9,-9,-9,-9
0,9,3,-9,-9,-9,-9,-9
0,19,7,6,1,20,168.634931685313,67.56941314782992
0,82,1,2,5,20,177.61603644964197,91.01315373882409
1,15,4,-9,-9,-9,-9,-9
1,68,1,12,6,10,152.77082292498122,53.68063177652579
1,13,12,-9,-9,-9,-9,-9
0,38,9,12,10,0,167.88574152678498,58.44608513920839
0,1,5,-9,-9,-9,-9,-9
1,8,4,-9,-9,-9,-9,-9
0,51,12,1,7,20,181.0861332772118,86.5803717658378
0,4,3,-9,-9,-9,-9,-9
0,6,5,-9,-9,-9,-9,-9
1,18,1,1,8,0,165.1749452083132,78.21505971383881
0,76,4,5,8,0,177.79596434579915,99.12284423209428
1,4,4,-9,-9,-9,-9,-9
0,56,9,2,3,20,178.1772430410824,92.28559207035349
0,55,12,5,4,0,172.56498261848472,122.7439804487181
0,71,6,3,8,10,186.17807773715165,89.05598913047054
0,6,7,-9,-9,-9,-9,-9
0,20,2,10,2,0,188.1130805373991,81.3469684794721
0,53,6,2,6,0,176.742933615208,95.31069911672891
1,60,2,2,4,0,159.71002590439295,64.54221191431756
0,85,9,3,5,0,167.57928063936617,98.37313245572801
0,8,8,-9,-9,-9,-9,-9
1,93,5,2,9,10,173.1924715318799,54.95124338670667
1,50,12,4,8,10,166.27943651511913,98.7523646422852
0,62,11,1,6,10,180.61350863151185,106.06329176394772
0,58,8,9,10,0,177.1082513656022,71.46060142515655
0,9,7,-9,-9,-9,-9,-9
0,41,2,10,5,20,183.88258791078988,74.1689012619471
1,51,4,6,7,20,145.971540676079,63.94044301204114
0,56,3,8,8,20,172.4950859055933,64.19250194427822
1,51,2,7,5,40,157.7607180089211,63.69451640500114
0,81,3,1,9,0,162.03451178141825,110.27379334162784
1,43,8,4,10,0,164.46011910845758,80.91213116534033
1,73,4,3,10,10,167.22456678393607,71.56118160705113
0,49,2,6,3,20,172.64169886247805,97.89518271137746
1,42,9,11,4,10,163.37127190534903,52.22224320186329
1,45,9,3,10,0,156.32091514597852,54.43447922052008
0,17,9,-9,-9,-9,-9,-9
1,21,6,4,10,20,150.66481515803883,57.64432502210826
0,40,5,9,7,10,175.73744306132474,72.41778449101666
0,72,9,1,4,20,172.6511184313154,65.31839348634105
0,72,5,1,2,0,165.76833273691315,108.33296263748926
1,48,11,1,7,10,158.31705308862854,58.54518191469687
1,68,2,8,7,10,160.70977910220793,74.1531894683211
0,51,11,9,1,10,180.49559884180172,114.29821915419828
1,47,7,9,10,20,156.47972979871344,66.6644714645782
1,44,8,7,2,0,164.0110609341039,89.83720494611502
1,55,5,5,7,20,147.2106375065142,66.2885238492709
0,81,7,5,10,0,178.03752582155664,86.94040646892378
1,35,1,3,8,20,166.92196339926718,93.54150019395838
1,44,9,11,9,30,161.5839144876759,71.95496545023893
0,86,1,8,9,10,186.78319108115429,94.26344482356134
1,32,7,10,4,30,150.9894049675001,81.00118152580063
0,55,8,3,9,20,173.53706010635096,87.73492102970309
1,26,5,6,4,10,150.56227884531117,68.6223111057235
0,68,5,5,6,20,171.65718780831216,79.82159240720434
1,26,6,4,2,0,168.19046058371825,69.69973229703284
1,28,7,1,4,0,166.27607768504163,58.01929503868963
1,46,9,2,6,10,153.36370692109685,67.75027257239282
0,60,11,2,1,0,160.838254311926,74.02653021393476
0,75,7,6,8,20,179.89771483004782,81.25725090957246
1,11,2,-9,-9,-9,-9,-9
1,67,1,12,4,10,162.2524452727371,52.74242659836112
1,44,5,3,4,10,165.11342303544288,65.85440722626461
1,50,7,1,7,10,159.40802296058243,92.24009436823125
0,39,10,12,4,10,157.3120167000076,108.10025008334443
0,46,5,4,7,20,177.69214478200985,118.07672259278829
0,43,5,6,10,10,170.39486887997015,87.55821142198077
0,59,3,10,1,30,177.7892214092517,97.39949133550043
0,72,2,2,3,0,185.71053916845284,78.56061598051855
0,31,6,8,5,0,166.886258638195,87.11240780063787
1,33,1,10,1,10,161.64180537998564,88.874931929013
1,12,7,-9,-9,-9,-9,-9
0,4,6,-9,-9,-9,-9,-9
1,18,7,5,10,10,154.82331680874577,72.52702574857263
1,88,5,1,4,20,150.88760351792396,67.98470964439932
1,33,11,1,8,10,155.41034524286778,50.69470643381231
0,30,3,4,5,30,182.14188929918413,72.87532575218995
1,57,6,10,1,10,176.32917350775307,44.931800611840075
1,70,9,2,3,40,162.09481287706973,86.8549638376231
0,14,6,-9,-9,-9,-9,-9
1,74,12,1,7,20,160.7601605588839,61.941187378081466
1,73,1,7,6,0,155.96553933397135,61.43715875343211
1,50,4,8,2,30,163.77692982163802,74.11348899676094
1,74,12,11,6,20,167.85469086863597,83.16436720390423
1,64,7,1,5,0,158.6534112434989,70.33646972355156
0,59,2,6,2,20,173.11355247526782,52.27620111624055
0,67,9,2,7,0,180.34324215394898,77.08944215407998
1,4,12,-9,-9,-9,-9,-9
1,63,10,12,7,10,164.00901340223737,76.50226525678843
1,51,4,12,4,20,156.24238244682908,63.51328486143012
1,71,10,11,2,10,161.02121480254687,68.56534521135902
0,73,9,4,6,20,174.72139283958677,112.45558018669794
0,82,7,5,1,10,163.44521075068153,64.40634516167812
0,19,2,9,5,10,176.23384379566525,67.60102157352273
0,64,5,10,10,0,180.38010010128406,69.66800397529012
1,61,7,7,3,10,164.17088955139783,70.0762356463604
0,30,5,11,1,0,182.31176352715676,97.76130241085039
1,24,12,3,1,30,167.72874963729774,63.27667796666897
1,34,6,12,1,0,166.3414572995548,76.47149429542631
